location_name,latitude,longitude,timestamp,source,temperature_2m,relative_humidity_2m,precipitation,precipitation_probability,cloud_cover,visibility,wind_speed_10m,wind_gusts_10m,weather_code,weather_description,evapotranspiration,soil_moisture_0_to_7cm,hour,date,dayofweek,month,flyability_score,decision_action,fly_label,risk_level
An Giang,10.5216,105.1259,2026-07-02 06:00:00,Open-Meteo,25.5,93,0.1,87,99,15580.0,12.7,23.8,51,Code 51,0.01,0.446,6,2026-07-02,3,7,0.87,RETURN_TO_CHARGING,NO_FLY,HIGH
An Giang,10.5216,105.1259,2026-07-02 07:00:00,Open-Meteo,27.7,84,0.0,80,97,22500.0,14.6,21.6,3,Code 3,0.03,0.429,7,2026-07-02,3,7,0.87,RETURN_TO_CHARGING,NO_FLY,HIGH
An Giang,10.5216,105.1259,2026-07-02 08:00:00,Open-Meteo,28.5,82,0.0,80,97,22300.0,14.6,27.0,3,Code 3,0.11,0.427,8,2026-07-02,3,7,0.87,RETURN_TO_CHARGING,NO_FLY,HIGH
An Giang,10.5216,105.1259,2026-07-02 09:00:00,Open-Meteo,29.3,78,0.0,83,100,17760.0,14.6,34.9,3,Code 3,0.21,0.425,9,2026-07-02,3,7,0.72,RETURN_TO_CHARGING,NO_FLY,HIGH
An Giang,10.5216,105.1259,2026-07-02 10:00:00,Open-Meteo,29.6,77,0.0,86,93,18160.0,13.3,30.2,3,Code 3,0.31,0.422,10,2026-07-02,3,7,0.72,RETURN_TO_CHARGING,NO_FLY,HIGH
An Giang,10.5216,105.1259,2026-07-02 11:00:00,Open-Meteo,28.5,86,3.1,90,100,7200.0,13.5,38.5,96,Code 96,0.33,0.452,11,2026-07-02,3,7,0.57,RETURN_TO_CHARGING,NO_FLY,HIGH
An Giang,10.5216,105.1259,2026-07-02 12:00:00,Open-Meteo,28.1,86,0.6,95,98,6200.0,14.2,29.2,95,Code 95,0.33,0.453,12,2026-07-02,3,7,0.68,RETURN_TO_CHARGING,NO_FLY,HIGH
An Giang,10.5216,105.1259,2026-07-02 13:00:00,Open-Meteo,27.9,81,1.4,98,100,2340.0,16.5,38.5,95,Code 95,0.33,0.465,13,2026-07-02,3,7,0.68,RETURN_TO_CHARGING,NO_FLY,HIGH
An Giang,10.5216,105.1259,2026-07-02 14:00:00,Open-Meteo,27.6,87,1.4,100,100,5860.0,8.9,40.7,95,Code 95,0.25,0.475,14,2026-07-02,3,7,0.68,RETURN_TO_CHARGING,NO_FLY,HIGH
An Giang,10.5216,105.1259,2026-07-02 15:00:00,Open-Meteo,28.0,88,0.4,100,100,6760.0,10.8,26.3,95,Code 95,0.17,0.473,15,2026-07-02,3,7,0.83,RETURN_TO_CHARGING,NO_FLY,HIGH
An Giang,10.5216,105.1259,2026-07-02 16:00:00,Open-Meteo,26.9,90,1.4,100,100,4040.0,15.0,30.2,80,Code 80,0.15,0.482,16,2026-07-02,3,7,0.68,RETURN_TO_CHARGING,NO_FLY,HIGH
An Giang,10.5216,105.1259,2026-07-02 17:00:00,Open-Meteo,26.6,91,0.5,96,100,6440.0,13.5,28.8,53,Code 53,0.11,0.481,17,2026-07-02,3,7,0.87,RETURN_TO_CHARGING,NO_FLY,HIGH
An Giang,10.5216,105.1259,2026-07-03 06:00:00,Open-Meteo,25.3,94,0.0,75,95,9480.0,12.3,18.7,3,Code 3,0.02,0.45,6,2026-07-03,4,7,0.87,RETURN_TO_CHARGING,NO_FLY,HIGH
An Giang,10.5216,105.1259,2026-07-03 07:00:00,Open-Meteo,25.0,95,4.1,75,99,2140.0,16.8,29.2,96,Code 96,0.04,0.499,7,2026-07-03,4,7,0.57,RETURN_TO_CHARGING,NO_FLY,HIGH
An Giang,10.5216,105.1259,2026-07-03 08:00:00,Open-Meteo,25.3,94,3.5,76,100,2300.0,11.8,23.4,81,Code 81,0.11,0.515,8,2026-07-03,4,7,0.68,RETURN_TO_CHARGING,NO_FLY,HIGH
An Giang,10.5216,105.1259,2026-07-03 09:00:00,Open-Meteo,26.2,91,1.6,79,100,3500.0,12.0,19.4,80,Code 80,0.21,0.508,9,2026-07-03,4,7,0.83,RETURN_TO_CHARGING,NO_FLY,HIGH
An Giang,10.5216,105.1259,2026-07-03 10:00:00,Open-Meteo,26.9,91,0.7,82,100,5120.0,11.3,21.2,53,Code 53,0.28,0.5,10,2026-07-03,4,7,0.87,RETURN_TO_CHARGING,NO_FLY,HIGH
An Giang,10.5216,105.1259,2026-07-03 11:00:00,Open-Meteo,27.3,89,0.6,87,98,3480.0,14.6,27.7,53,Code 53,0.34,0.495,11,2026-07-03,4,7,0.87,RETURN_TO_CHARGING,NO_FLY,HIGH
An Giang,10.5216,105.1259,2026-07-03 12:00:00,Open-Meteo,27.5,85,1.3,92,100,3920.0,16.3,36.4,80,Code 80,0.31,0.498,12,2026-07-03,4,7,0.68,RETURN_TO_CHARGING,NO_FLY,HIGH
An Giang,10.5216,105.1259,2026-07-03 13:00:00,Open-Meteo,26.8,91,4.2,96,100,2360.0,13.9,38.9,95,Code 95,0.36,0.506,13,2026-07-03,4,7,0.53,RETURN_TO_CHARGING,NO_FLY,HIGH
An Giang,10.5216,105.1259,2026-07-03 14:00:00,Open-Meteo,26.5,94,1.2,98,100,4240.0,13.1,28.4,55,Code 55,0.36,0.505,14,2026-07-03,4,7,0.83,RETURN_TO_CHARGING,NO_FLY,HIGH
An Giang,10.5216,105.1259,2026-07-03 15:00:00,Open-Meteo,26.9,92,0.6,98,100,4780.0,16.7,29.9,53,Code 53,0.29,0.5,15,2026-07-03,4,7,0.72,RETURN_TO_CHARGING,NO_FLY,HIGH
An Giang,10.5216,105.1259,2026-07-03 16:00:00,Open-Meteo,27.0,92,0.5,96,100,4540.0,13.8,28.4,53,Code 53,0.22,0.497,16,2026-07-03,4,7,0.87,RETURN_TO_CHARGING,NO_FLY,HIGH
An Giang,10.5216,105.1259,2026-07-03 17:00:00,Open-Meteo,26.9,93,0.5,92,100,4960.0,13.6,25.2,53,Code 53,0.15,0.495,17,2026-07-03,4,7,0.87,RETURN_TO_CHARGING,NO_FLY,HIGH
An Giang,10.5216,105.1259,2026-07-04 06:00:00,Open-Meteo,24.8,95,0.1,71,100,13520.0,12.0,20.2,51,Code 51,0.01,0.484,6,2026-07-04,5,7,0.87,RETURN_TO_CHARGING,NO_FLY,HIGH
An Giang,10.5216,105.1259,2026-07-04 07:00:00,Open-Meteo,25.7,94,0.0,75,100,13020.0,14.3,22.0,3,Code 3,0.03,0.482,7,2026-07-04,5,7,0.87,RETURN_TO_CHARGING,NO_FLY,HIGH
An Giang,10.5216,105.1259,2026-07-04 08:00:00,Open-Meteo,25.1,93,3.4,80,100,2040.0,16.2,34.2,95,Code 95,0.13,0.518,8,2026-07-04,5,7,0.53,RETURN_TO_CHARGING,NO_FLY,HIGH
An Giang,10.5216,105.1259,2026-07-04 09:00:00,Open-Meteo,25.5,93,1.6,86,100,5080.0,13.8,27.0,80,Code 80,0.23,0.51,9,2026-07-04,5,7,0.83,RETURN_TO_CHARGING,NO_FLY,HIGH
An Giang,10.5216,105.1259,2026-07-04 10:00:00,Open-Meteo,27.7,85,0.4,90,100,8740.0,14.1,29.9,51,Code 51,0.33,0.504,10,2026-07-04,5,7,0.72,RETURN_TO_CHARGING,NO_FLY,HIGH
An Giang,10.5216,105.1259,2026-07-04 11:00:00,Open-Meteo,28.6,82,0.1,92,100,12180.0,15.3,33.8,51,Code 51,0.4,0.498,11,2026-07-04,5,7,0.72,RETURN_TO_CHARGING,NO_FLY,HIGH
An Giang,10.5216,105.1259,2026-07-04 12:00:00,Open-Meteo,27.6,84,1.7,94,100,2420.0,15.1,39.6,95,Code 95,0.33,0.51,12,2026-07-04,5,7,0.68,RETURN_TO_CHARGING,NO_FLY,HIGH
An Giang,10.5216,105.1259,2026-07-04 13:00:00,Open-Meteo,26.5,93,1.2,94,100,7780.0,9.9,40.7,55,Code 55,0.34,0.508,13,2026-07-04,5,7,0.68,RETURN_TO_CHARGING,NO_FLY,HIGH
An Giang,10.5216,105.1259,2026-07-04 14:00:00,Open-Meteo,27.7,88,0.3,94,100,3880.0,13.0,27.7,95,Code 95,0.31,0.502,14,2026-07-04,5,7,0.83,RETURN_TO_CHARGING,NO_FLY,HIGH
An Giang,10.5216,105.1259,2026-07-04 15:00:00,Open-Meteo,27.3,88,0.7,94,100,5700.0,11.6,25.6,53,Code 53,0.23,0.502,15,2026-07-04,5,7,0.87,RETURN_TO_CHARGING,NO_FLY,HIGH
An Giang,10.5216,105.1259,2026-07-04 16:00:00,Open-Meteo,27.6,86,0.3,90,100,7660.0,12.5,24.5,51,Code 51,0.2,0.499,16,2026-07-04,5,7,0.87,RETURN_TO_CHARGING,NO_FLY,HIGH
An Giang,10.5216,105.1259,2026-07-04 17:00:00,Open-Meteo,27.5,86,0.1,81,100,15040.0,11.4,24.1,51,Code 51,0.14,0.496,17,2026-07-04,5,7,0.87,RETURN_TO_CHARGING,NO_FLY,HIGH
Can Tho,10.0341,105.7878,2026-07-02 06:00:00,Open-Meteo,24.2,95,1.2,100,99,3820.0,12.1,24.1,55,Code 55,0.03,0.437,6,2026-07-02,3,7,0.83,RETURN_TO_CHARGING,NO_FLY,HIGH
Can Tho,10.0341,105.7878,2026-07-02 07:00:00,Open-Meteo,26.7,90,1.0,96,96,19860.0,10.1,22.0,95,Code 95,0.05,0.415,7,2026-07-02,3,7,0.83,RETURN_TO_CHARGING,NO_FLY,HIGH
Can Tho,10.0341,105.7878,2026-07-02 08:00:00,Open-Meteo,27.8,85,0.0,94,96,23140.0,10.8,25.9,3,Code 3,0.13,0.41,8,2026-07-02,3,7,0.87,RETURN_TO_CHARGING,NO_FLY,HIGH
Can Tho,10.0341,105.7878,2026-07-02 09:00:00,Open-Meteo,28.7,82,0.1,91,100,7100.0,15.1,31.7,51,Code 51,0.18,0.406,9,2026-07-02,3,7,0.72,RETURN_TO_CHARGING,NO_FLY,HIGH
Can Tho,10.0341,105.7878,2026-07-02 10:00:00,Open-Meteo,27.9,86,1.5,90,97,6380.0,14.5,36.0,95,Code 95,0.25,0.417,10,2026-07-02,3,7,0.68,RETURN_TO_CHARGING,NO_FLY,HIGH
Can Tho,10.0341,105.7878,2026-07-02 11:00:00,Open-Meteo,28.0,85,0.7,93,97,3040.0,17.0,36.7,95,Code 95,0.28,0.418,11,2026-07-02,3,7,0.68,RETURN_TO_CHARGING,NO_FLY,HIGH
Can Tho,10.0341,105.7878,2026-07-02 12:00:00,Open-Meteo,28.0,85,3.3,97,99,2740.0,15.3,41.8,96,Code 96,0.31,0.427,12,2026-07-02,3,7,0.57,RETURN_TO_CHARGING,NO_FLY,HIGH
Can Tho,10.0341,105.7878,2026-07-02 13:00:00,Open-Meteo,27.5,90,1.9,100,100,6900.0,8.3,40.3,95,Code 95,0.27,0.431,13,2026-07-02,3,7,0.68,RETURN_TO_CHARGING,NO_FLY,HIGH
Can Tho,10.0341,105.7878,2026-07-02 14:00:00,Open-Meteo,26.6,88,3.5,100,100,2480.0,15.9,34.2,95,Code 95,0.29,0.439,14,2026-07-02,3,7,0.53,RETURN_TO_CHARGING,NO_FLY,HIGH
Can Tho,10.0341,105.7878,2026-07-02 15:00:00,Open-Meteo,26.6,93,1.9,100,100,3360.0,11.1,30.2,80,Code 80,0.23,0.432,15,2026-07-02,3,7,0.68,RETURN_TO_CHARGING,NO_FLY,HIGH
Can Tho,10.0341,105.7878,2026-07-02 16:00:00,Open-Meteo,26.3,93,0.9,100,100,4680.0,10.7,20.9,53,Code 53,0.17,0.431,16,2026-07-02,3,7,0.87,RETURN_TO_CHARGING,NO_FLY,HIGH
Can Tho,10.0341,105.7878,2026-07-02 17:00:00,Open-Meteo,26.2,95,1.1,98,100,3180.0,9.4,24.8,55,Code 55,0.12,0.435,17,2026-07-02,3,7,0.83,RETURN_TO_CHARGING,NO_FLY,HIGH
Can Tho,10.0341,105.7878,2026-07-03 06:00:00,Open-Meteo,24.8,97,0.1,90,80,8820.0,11.5,22.3,51,Code 51,0.03,0.411,6,2026-07-03,4,7,0.92,RETURN_TO_CHARGING,NO_FLY,HIGH
Can Tho,10.0341,105.7878,2026-07-03 07:00:00,Open-Meteo,25.5,94,0.1,94,100,11200.0,13.4,30.6,51,Code 51,0.05,0.41,7,2026-07-03,4,7,0.72,RETURN_TO_CHARGING,NO_FLY,HIGH
Can Tho,10.0341,105.7878,2026-07-03 08:00:00,Open-Meteo,25.8,93,0.3,95,100,6260.0,11.4,30.2,51,Code 51,0.14,0.41,8,2026-07-03,4,7,0.72,RETURN_TO_CHARGING,NO_FLY,HIGH
Can Tho,10.0341,105.7878,2026-07-03 09:00:00,Open-Meteo,26.2,92,0.6,96,100,4620.0,11.7,28.1,53,Code 53,0.2,0.413,9,2026-07-03,4,7,0.87,RETURN_TO_CHARGING,NO_FLY,HIGH
Can Tho,10.0341,105.7878,2026-07-03 10:00:00,Open-Meteo,26.6,91,0.5,96,100,3720.0,12.4,27.0,53,Code 53,0.26,0.415,10,2026-07-03,4,7,0.87,RETURN_TO_CHARGING,NO_FLY,HIGH
Can Tho,10.0341,105.7878,2026-07-03 11:00:00,Open-Meteo,27.1,88,0.9,98,100,3940.0,12.3,29.5,53,Code 53,0.23,0.42,11,2026-07-03,4,7,0.72,RETURN_TO_CHARGING,NO_FLY,HIGH
Can Tho,10.0341,105.7878,2026-07-03 12:00:00,Open-Meteo,26.7,93,1.1,99,100,6700.0,11.6,28.8,95,Code 95,0.24,0.426,12,2026-07-03,4,7,0.83,RETURN_TO_CHARGING,NO_FLY,HIGH
Can Tho,10.0341,105.7878,2026-07-03 13:00:00,Open-Meteo,26.3,93,1.1,100,100,3240.0,15.6,29.9,55,Code 55,0.29,0.431,13,2026-07-03,4,7,0.68,RETURN_TO_CHARGING,NO_FLY,HIGH
Can Tho,10.0341,105.7878,2026-07-03 14:00:00,Open-Meteo,26.7,92,1.2,99,100,3440.0,13.8,31.3,55,Code 55,0.29,0.431,14,2026-07-03,4,7,0.68,RETURN_TO_CHARGING,NO_FLY,HIGH
Can Tho,10.0341,105.7878,2026-07-03 15:00:00,Open-Meteo,26.8,91,1.0,97,100,2960.0,14.1,33.5,55,Code 55,0.28,0.431,15,2026-07-03,4,7,0.68,RETURN_TO_CHARGING,NO_FLY,HIGH
Can Tho,10.0341,105.7878,2026-07-03 16:00:00,Open-Meteo,26.3,95,1.4,94,100,3300.0,10.4,32.8,80,Code 80,0.25,0.435,16,2026-07-03,4,7,0.68,RETURN_TO_CHARGING,NO_FLY,HIGH
Can Tho,10.0341,105.7878,2026-07-03 17:00:00,Open-Meteo,26.2,95,0.9,90,100,4300.0,11.2,20.9,53,Code 53,0.18,0.432,17,2026-07-03,4,7,0.87,RETURN_TO_CHARGING,NO_FLY,HIGH
Can Tho,10.0341,105.7878,2026-07-04 06:00:00,Open-Meteo,24.4,97,0.1,65,100,8580.0,12.5,18.7,51,Code 51,0.02,0.425,6,2026-07-04,5,7,0.87,RETURN_TO_CHARGING,NO_FLY,HIGH
Can Tho,10.0341,105.7878,2026-07-04 07:00:00,Open-Meteo,25.2,95,0.0,67,100,13260.0,11.6,28.1,3,Code 3,0.05,0.421,7,2026-07-04,5,7,0.87,RETURN_TO_CHARGING,NO_FLY,HIGH
Can Tho,10.0341,105.7878,2026-07-04 08:00:00,Open-Meteo,25.9,91,0.1,70,100,7060.0,14.0,29.9,51,Code 51,0.15,0.419,8,2026-07-04,5,7,0.72,RETURN_TO_CHARGING,NO_FLY,HIGH
Can Tho,10.0341,105.7878,2026-07-04 09:00:00,Open-Meteo,26.9,86,0.1,72,100,10940.0,14.9,28.4,51,Code 51,0.24,0.417,9,2026-07-04,5,7,0.87,RETURN_TO_CHARGING,NO_FLY,HIGH
Can Tho,10.0341,105.7878,2026-07-04 10:00:00,Open-Meteo,27.9,81,0.1,76,100,8240.0,14.7,28.4,51,Code 51,0.32,0.413,10,2026-07-04,5,7,0.87,RETURN_TO_CHARGING,NO_FLY,HIGH
Can Tho,10.0341,105.7878,2026-07-04 11:00:00,Open-Meteo,28.4,82,0.2,83,100,9720.0,13.9,32.4,51,Code 51,0.36,0.411,11,2026-07-04,5,7,0.72,RETURN_TO_CHARGING,NO_FLY,HIGH
Can Tho,10.0341,105.7878,2026-07-04 12:00:00,Open-Meteo,29.9,75,0.2,90,100,15020.0,15.9,39.6,95,Code 95,0.33,0.407,12,2026-07-04,5,7,0.68,RETURN_TO_CHARGING,NO_FLY,HIGH
Can Tho,10.0341,105.7878,2026-07-04 13:00:00,Open-Meteo,26.9,88,4.4,96,100,2860.0,15.1,40.7,96,Code 96,0.36,0.439,13,2026-07-04,5,7,0.57,RETURN_TO_CHARGING,NO_FLY,HIGH
Can Tho,10.0341,105.7878,2026-07-04 14:00:00,Open-Meteo,27.3,87,1.0,98,100,5460.0,10.0,36.7,55,Code 55,0.33,0.43,14,2026-07-04,5,7,0.68,RETURN_TO_CHARGING,NO_FLY,HIGH
Can Tho,10.0341,105.7878,2026-07-04 15:00:00,Open-Meteo,27.9,84,0.3,98,100,7400.0,7.6,28.4,51,Code 51,0.25,0.426,15,2026-07-04,5,7,0.87,RETURN_TO_CHARGING,NO_FLY,HIGH
Can Tho,10.0341,105.7878,2026-07-04 16:00:00,Open-Meteo,27.6,84,0.3,96,100,9040.0,8.4,25.9,51,Code 51,0.22,0.423,16,2026-07-04,5,7,0.87,RETURN_TO_CHARGING,NO_FLY,HIGH
Can Tho,10.0341,105.7878,2026-07-04 17:00:00,Open-Meteo,27.4,86,0.2,92,100,11960.0,7.0,20.5,51,Code 51,0.15,0.42,17,2026-07-04,5,7,0.87,RETURN_TO_CHARGING,NO_FLY,HIGH
Dong Thap,10.4939,105.6882,2026-07-02 06:00:00,Open-Meteo,25.0,95,0.1,94,100,13620.0,12.1,22.0,51,Code 51,0.01,0.481,6,2026-07-02,3,7,0.87,RETURN_TO_CHARGING,NO_FLY,HIGH
Dong Thap,10.4939,105.6882,2026-07-02 07:00:00,Open-Meteo,27.6,83,0.0,88,88,24220.0,17.2,23.4,3,Code 3,0.03,0.474,7,2026-07-02,3,7,0.87,RETURN_TO_CHARGING,NO_FLY,HIGH
Dong Thap,10.4939,105.6882,2026-07-02 08:00:00,Open-Meteo,28.6,80,0.0,87,74,28840.0,13.3,31.0,2,Code 2,0.08,0.471,8,2026-07-02,3,7,0.77,RETURN_TO_CHARGING,NO_FLY,HIGH
Dong Thap,10.4939,105.6882,2026-07-02 09:00:00,Open-Meteo,29.3,79,0.1,87,96,12400.0,14.5,37.4,51,Code 51,0.15,0.468,9,2026-07-02,3,7,0.72,RETURN_TO_CHARGING,NO_FLY,HIGH
Dong Thap,10.4939,105.6882,2026-07-02 10:00:00,Open-Meteo,29.3,80,0.9,88,85,28840.0,13.5,37.8,95,Code 95,0.3,0.471,10,2026-07-02,3,7,0.68,RETURN_TO_CHARGING,NO_FLY,HIGH
Dong Thap,10.4939,105.6882,2026-07-02 11:00:00,Open-Meteo,29.9,79,0.1,92,90,15240.0,13.9,34.2,95,Code 95,0.35,0.468,11,2026-07-02,3,7,0.68,RETURN_TO_CHARGING,NO_FLY,HIGH
Dong Thap,10.4939,105.6882,2026-07-02 12:00:00,Open-Meteo,27.7,87,4.1,97,100,2800.0,14.3,39.2,96,Code 96,0.35,0.508,12,2026-07-02,3,7,0.57,RETURN_TO_CHARGING,NO_FLY,HIGH
Dong Thap,10.4939,105.6882,2026-07-02 13:00:00,Open-Meteo,26.8,87,3.0,100,100,1740.0,13.3,31.0,95,Code 95,0.36,0.498,13,2026-07-02,3,7,0.53,RETURN_TO_CHARGING,NO_FLY,HIGH
Dong Thap,10.4939,105.6882,2026-07-02 14:00:00,Open-Meteo,27.1,89,2.2,100,100,4040.0,12.3,31.3,95,Code 95,0.31,0.508,14,2026-07-02,3,7,0.53,RETURN_TO_CHARGING,NO_FLY,HIGH
Dong Thap,10.4939,105.6882,2026-07-02 15:00:00,Open-Meteo,26.4,91,0.7,99,100,4900.0,12.0,31.3,53,Code 53,0.33,0.504,15,2026-07-02,3,7,0.72,RETURN_TO_CHARGING,NO_FLY,HIGH
Dong Thap,10.4939,105.6882,2026-07-02 16:00:00,Open-Meteo,27.1,92,0.3,98,100,6420.0,9.2,22.3,51,Code 51,0.22,0.499,16,2026-07-02,3,7,0.87,RETURN_TO_CHARGING,NO_FLY,HIGH
Dong Thap,10.4939,105.6882,2026-07-02 17:00:00,Open-Meteo,26.7,91,0.3,98,100,6140.0,14.8,26.3,51,Code 51,0.13,0.495,17,2026-07-02,3,7,0.87,RETURN_TO_CHARGING,NO_FLY,HIGH
Dong Thap,10.4939,105.6882,2026-07-03 06:00:00,Open-Meteo,25.0,96,0.0,69,93,15000.0,11.8,23.0,3,Code 3,0.01,0.482,6,2026-07-03,4,7,0.87,RETURN_TO_CHARGING,NO_FLY,HIGH
Dong Thap,10.4939,105.6882,2026-07-03 07:00:00,Open-Meteo,25.8,93,0.1,73,100,6460.0,13.2,30.2,51,Code 51,0.04,0.481,7,2026-07-03,4,7,0.72,RETURN_TO_CHARGING,NO_FLY,HIGH
Dong Thap,10.4939,105.6882,2026-07-03 08:00:00,Open-Meteo,25.8,93,0.7,76,90,3280.0,13.9,31.3,53,Code 53,0.11,0.486,8,2026-07-03,4,7,0.72,RETURN_TO_CHARGING,NO_FLY,HIGH
Dong Thap,10.4939,105.6882,2026-07-03 09:00:00,Open-Meteo,26.7,91,1.0,79,100,2920.0,14.5,31.3,55,Code 55,0.19,0.492,9,2026-07-03,4,7,0.68,RETURN_TO_CHARGING,NO_FLY,HIGH
Dong Thap,10.4939,105.6882,2026-07-03 10:00:00,Open-Meteo,26.6,91,1.5,82,100,3240.0,13.0,30.6,80,Code 80,0.28,0.505,10,2026-07-03,4,7,0.68,RETURN_TO_CHARGING,NO_FLY,HIGH
Dong Thap,10.4939,105.6882,2026-07-03 11:00:00,Open-Meteo,26.9,89,0.9,87,100,4440.0,13.0,25.2,53,Code 53,0.32,0.505,11,2026-07-03,4,7,0.87,RETURN_TO_CHARGING,NO_FLY,HIGH
Dong Thap,10.4939,105.6882,2026-07-03 12:00:00,Open-Meteo,26.4,89,2.0,93,100,2880.0,16.5,30.2,80,Code 80,0.37,0.52,12,2026-07-03,4,7,0.68,RETURN_TO_CHARGING,NO_FLY,HIGH
Dong Thap,10.4939,105.6882,2026-07-03 13:00:00,Open-Meteo,26.9,86,1.1,98,99,3560.0,18.9,35.6,55,Code 55,0.32,0.504,13,2026-07-03,4,7,0.68,RETURN_TO_CHARGING,NO_FLY,HIGH
Dong Thap,10.4939,105.6882,2026-07-03 14:00:00,Open-Meteo,27.7,86,0.6,100,100,4420.0,17.4,37.4,53,Code 53,0.33,0.502,14,2026-07-03,4,7,0.72,RETURN_TO_CHARGING,NO_FLY,HIGH
Dong Thap,10.4939,105.6882,2026-07-03 15:00:00,Open-Meteo,27.1,89,0.5,100,100,4360.0,14.4,35.6,53,Code 53,0.32,0.501,15,2026-07-03,4,7,0.72,RETURN_TO_CHARGING,NO_FLY,HIGH
Dong Thap,10.4939,105.6882,2026-07-03 16:00:00,Open-Meteo,26.6,94,0.6,100,100,4020.0,12.6,32.4,53,Code 53,0.27,0.501,16,2026-07-03,4,7,0.72,RETURN_TO_CHARGING,NO_FLY,HIGH
Dong Thap,10.4939,105.6882,2026-07-03 17:00:00,Open-Meteo,26.3,95,0.6,98,100,4320.0,12.8,24.1,53,Code 53,0.16,0.504,17,2026-07-03,4,7,0.87,RETURN_TO_CHARGING,NO_FLY,HIGH
Dong Thap,10.4939,105.6882,2026-07-04 06:00:00,Open-Meteo,24.6,96,0.0,53,99,10520.0,12.9,21.2,3,Code 3,0.01,0.497,6,2026-07-04,5,7,0.87,RETURN_TO_CHARGING,NO_FLY,HIGH
Dong Thap,10.4939,105.6882,2026-07-04 07:00:00,Open-Meteo,25.3,93,0.0,59,99,13380.0,15.3,22.7,3,Code 3,0.05,0.495,7,2026-07-04,5,7,0.87,RETURN_TO_CHARGING,NO_FLY,HIGH
Dong Thap,10.4939,105.6882,2026-07-04 08:00:00,Open-Meteo,26.2,90,0.2,66,100,5020.0,14.5,32.8,51,Code 51,0.16,0.495,8,2026-07-04,5,7,0.72,RETURN_TO_CHARGING,NO_FLY,HIGH
Dong Thap,10.4939,105.6882,2026-07-04 09:00:00,Open-Meteo,26.7,87,0.3,73,100,5480.0,15.1,32.4,51,Code 51,0.25,0.495,9,2026-07-04,5,7,0.72,RETURN_TO_CHARGING,NO_FLY,HIGH
Dong Thap,10.4939,105.6882,2026-07-04 10:00:00,Open-Meteo,27.8,83,0.3,80,100,7940.0,14.8,31.3,51,Code 51,0.32,0.494,10,2026-07-04,5,7,0.72,RETURN_TO_CHARGING,NO_FLY,HIGH
Dong Thap,10.4939,105.6882,2026-07-04 11:00:00,Open-Meteo,28.7,79,0.2,86,100,9300.0,15.5,33.5,51,Code 51,0.42,0.492,11,2026-07-04,5,7,0.72,RETURN_TO_CHARGING,NO_FLY,HIGH
Dong Thap,10.4939,105.6882,2026-07-04 12:00:00,Open-Meteo,29.9,76,0.1,92,100,12720.0,12.0,34.9,51,Code 51,0.44,0.489,12,2026-07-04,5,7,0.72,RETURN_TO_CHARGING,NO_FLY,HIGH
Dong Thap,10.4939,105.6882,2026-07-04 13:00:00,Open-Meteo,27.1,90,3.8,96,100,2400.0,10.7,40.3,95,Code 95,0.37,0.517,13,2026-07-04,5,7,0.53,RETURN_TO_CHARGING,NO_FLY,HIGH
Dong Thap,10.4939,105.6882,2026-07-04 14:00:00,Open-Meteo,26.9,89,1.6,97,100,4380.0,12.9,28.1,80,Code 80,0.32,0.515,14,2026-07-04,5,7,0.83,RETURN_TO_CHARGING,NO_FLY,HIGH
Dong Thap,10.4939,105.6882,2026-07-04 15:00:00,Open-Meteo,27.8,84,0.4,97,100,8280.0,12.2,29.2,51,Code 51,0.28,0.51,15,2026-07-04,5,7,0.72,RETURN_TO_CHARGING,NO_FLY,HIGH
Dong Thap,10.4939,105.6882,2026-07-04 16:00:00,Open-Meteo,27.5,85,0.1,94,100,9040.0,13.1,27.7,51,Code 51,0.24,0.506,16,2026-07-04,5,7,0.87,RETURN_TO_CHARGING,NO_FLY,HIGH
Dong Thap,10.4939,105.6882,2026-07-04 17:00:00,Open-Meteo,27.5,87,0.1,89,100,13480.0,9.6,22.7,51,Code 51,0.14,0.503,17,2026-07-04,5,7,0.87,RETURN_TO_CHARGING,NO_FLY,HIGH
Ha Noi,21.0285,105.8542,2026-07-02 06:00:00,Open-Meteo,25.4,98,0.2,64,99,4980.0,6.4,17.3,51,Code 51,0.02,0.427,6,2026-07-02,3,7,0.87,RETURN_TO_CHARGING,NO_FLY,HIGH
Ha Noi,21.0285,105.8542,2026-07-02 07:00:00,Open-Meteo,27.3,96,0.1,55,27,13040.0,9.2,18.0,51,Code 51,0.04,0.419,7,2026-07-02,3,7,0.92,RETURN_TO_CHARGING,NO_FLY,HIGH
Ha Noi,21.0285,105.8542,2026-07-02 08:00:00,Open-Meteo,28.8,84,0.0,58,41,13520.0,9.4,21.6,1,Code 1,0.1,0.417,8,2026-07-02,3,7,0.92,RETURN_TO_CHARGING,NO_FLY,HIGH
Ha Noi,21.0285,105.8542,2026-07-02 09:00:00,Open-Meteo,29.7,80,0.2,67,32,8100.0,10.0,23.4,51,Code 51,0.19,0.414,9,2026-07-02,3,7,0.92,RETURN_TO_CHARGING,NO_FLY,HIGH
Ha Noi,21.0285,105.8542,2026-07-02 10:00:00,Open-Meteo,30.4,76,0.2,76,97,9580.0,8.8,23.0,95,Code 95,0.19,0.411,10,2026-07-02,3,7,0.83,RETURN_TO_CHARGING,NO_FLY,HIGH
Ha Noi,21.0285,105.8542,2026-07-02 11:00:00,Open-Meteo,29.7,79,0.3,82,95,2420.0,10.8,25.6,95,Code 95,0.15,0.409,11,2026-07-02,3,7,0.83,RETURN_TO_CHARGING,NO_FLY,HIGH
Ha Noi,21.0285,105.8542,2026-07-02 12:00:00,Open-Meteo,28.4,89,5.8,88,99,3360.0,2.7,28.8,99,Code 99,0.15,0.431,12,2026-07-02,3,7,0.68,RETURN_TO_CHARGING,NO_FLY,HIGH
Ha Noi,21.0285,105.8542,2026-07-02 13:00:00,Open-Meteo,29.4,86,0.6,90,98,6040.0,2.6,19.4,95,Code 95,0.18,0.428,13,2026-07-02,3,7,0.83,RETURN_TO_CHARGING,NO_FLY,HIGH
Ha Noi,21.0285,105.8542,2026-07-02 14:00:00,Open-Meteo,30.7,76,0.2,86,94,12260.0,5.8,21.6,95,Code 95,0.2,0.423,14,2026-07-02,3,7,0.83,RETURN_TO_CHARGING,NO_FLY,HIGH
Ha Noi,21.0285,105.8542,2026-07-02 15:00:00,Open-Meteo,31.1,73,0.1,79,95,13960.0,5.0,18.7,51,Code 51,0.22,0.418,15,2026-07-02,3,7,0.87,RETURN_TO_CHARGING,NO_FLY,HIGH
Ha Noi,21.0285,105.8542,2026-07-02 16:00:00,Open-Meteo,30.8,74,0.0,71,98,20780.0,2.7,16.9,3,Code 3,0.2,0.414,16,2026-07-02,3,7,0.87,RETURN_TO_CHARGING,NO_FLY,HIGH
Ha Noi,21.0285,105.8542,2026-07-02 17:00:00,Open-Meteo,30.5,75,0.0,63,98,20780.0,2.0,12.6,3,Code 3,0.16,0.411,17,2026-07-02,3,7,0.87,RETURN_TO_CHARGING,NO_FLY,HIGH
Ha Noi,21.0285,105.8542,2026-07-03 06:00:00,Open-Meteo,25.1,96,0.1,77,100,11160.0,10.2,20.2,51,Code 51,0.04,0.421,6,2026-07-03,4,7,0.87,RETURN_TO_CHARGING,NO_FLY,HIGH
Ha Noi,21.0285,105.8542,2026-07-03 07:00:00,Open-Meteo,25.8,95,0.1,73,90,4980.0,8.8,20.9,51,Code 51,0.07,0.419,7,2026-07-03,4,7,0.87,RETURN_TO_CHARGING,NO_FLY,HIGH
Ha Noi,21.0285,105.8542,2026-07-03 08:00:00,Open-Meteo,27.3,88,0.2,69,74,8960.0,6.8,20.5,51,Code 51,0.16,0.419,8,2026-07-03,4,7,0.92,RETURN_TO_CHARGING,NO_FLY,HIGH
Ha Noi,21.0285,105.8542,2026-07-03 09:00:00,Open-Meteo,28.7,81,0.2,64,74,6340.0,7.4,29.2,51,Code 51,0.27,0.417,9,2026-07-03,4,7,0.77,RETURN_TO_CHARGING,NO_FLY,HIGH
Ha Noi,21.0285,105.8542,2026-07-03 10:00:00,Open-Meteo,29.0,82,0.9,61,88,2720.0,8.1,29.5,95,Code 95,0.33,0.42,10,2026-07-03,4,7,0.68,RETURN_TO_CHARGING,NO_FLY,HIGH
Ha Noi,21.0285,105.8542,2026-07-03 11:00:00,Open-Meteo,29.7,79,0.7,63,88,11840.0,7.5,24.5,95,Code 95,0.39,0.421,11,2026-07-03,4,7,0.83,RETURN_TO_CHARGING,NO_FLY,HIGH
Ha Noi,21.0285,105.8542,2026-07-03 12:00:00,Open-Meteo,31.0,74,0.1,66,98,5640.0,8.5,24.8,51,Code 51,0.44,0.416,12,2026-07-03,4,7,0.87,RETURN_TO_CHARGING,NO_FLY,HIGH
Ha Noi,21.0285,105.8542,2026-07-03 13:00:00,Open-Meteo,30.0,80,1.2,69,88,13660.0,6.3,25.6,96,Code 96,0.44,0.422,13,2026-07-03,4,7,0.87,RETURN_TO_CHARGING,NO_FLY,HIGH
Ha Noi,21.0285,105.8542,2026-07-03 14:00:00,Open-Meteo,31.1,76,0.1,69,99,5200.0,6.0,21.6,51,Code 51,0.43,0.417,14,2026-07-03,4,7,0.87,RETURN_TO_CHARGING,NO_FLY,HIGH
Ha Noi,21.0285,105.8542,2026-07-03 15:00:00,Open-Meteo,31.5,75,0.2,68,99,12640.0,3.3,23.0,95,Code 95,0.36,0.414,15,2026-07-03,4,7,0.83,RETURN_TO_CHARGING,NO_FLY,HIGH
Ha Noi,21.0285,105.8542,2026-07-03 16:00:00,Open-Meteo,31.2,76,0.1,67,99,4120.0,5.3,16.2,51,Code 51,0.2,0.411,16,2026-07-03,4,7,0.87,RETURN_TO_CHARGING,NO_FLY,HIGH
Ha Noi,21.0285,105.8542,2026-07-03 17:00:00,Open-Meteo,28.8,86,0.9,65,99,8380.0,8.4,22.7,95,Code 95,0.14,0.417,17,2026-07-03,4,7,0.83,RETURN_TO_CHARGING,NO_FLY,HIGH
Ha Noi,21.0285,105.8542,2026-07-04 06:00:00,Open-Meteo,25.1,98,0.0,49,97,9640.0,10.1,20.9,3,Code 3,0.05,0.416,6,2026-07-04,5,7,0.95,TAKE_OFF,FLY,LOW
Ha Noi,21.0285,105.8542,2026-07-04 07:00:00,Open-Meteo,26.1,93,0.0,43,99,13160.0,9.6,22.7,3,Code 3,0.07,0.414,7,2026-07-04,5,7,0.95,TAKE_OFF,FLY,LOW
Ha Noi,21.0285,105.8542,2026-07-04 08:00:00,Open-Meteo,27.2,89,0.0,41,98,15600.0,12.4,25.9,3,Code 3,0.11,0.412,8,2026-07-04,5,7,0.95,TAKE_OFF,FLY,LOW
Ha Noi,21.0285,105.8542,2026-07-04 09:00:00,Open-Meteo,28.9,80,0.0,42,99,11840.0,11.3,26.3,3,Code 3,0.22,0.408,9,2026-07-04,5,7,0.95,TAKE_OFF,FLY,LOW
Ha Noi,21.0285,105.8542,2026-07-04 10:00:00,Open-Meteo,30.1,76,0.0,45,100,12320.0,9.5,25.6,3,Code 3,0.29,0.405,10,2026-07-04,5,7,0.95,TAKE_OFF,FLY,LOW
Ha Noi,21.0285,105.8542,2026-07-04 11:00:00,Open-Meteo,31.0,73,0.1,52,100,11460.0,8.3,24.1,51,Code 51,0.34,0.4,11,2026-07-04,5,7,0.87,RETURN_TO_CHARGING,NO_FLY,HIGH
Ha Noi,21.0285,105.8542,2026-07-04 12:00:00,Open-Meteo,31.5,71,0.1,61,100,11940.0,6.5,23.4,95,Code 95,0.28,0.396,12,2026-07-04,5,7,0.83,RETURN_TO_CHARGING,NO_FLY,HIGH
Ha Noi,21.0285,105.8542,2026-07-04 13:00:00,Open-Meteo,31.6,72,0.1,67,100,6420.0,6.8,23.4,95,Code 95,0.26,0.393,13,2026-07-04,5,7,0.83,RETURN_TO_CHARGING,NO_FLY,HIGH
Ha Noi,21.0285,105.8542,2026-07-04 14:00:00,Open-Meteo,31.6,72,0.9,69,100,8800.0,7.1,24.8,96,Code 96,0.22,0.398,14,2026-07-04,5,7,0.87,RETURN_TO_CHARGING,NO_FLY,HIGH
Ha Noi,21.0285,105.8542,2026-07-04 15:00:00,Open-Meteo,31.8,70,0.1,68,100,23420.0,4.4,24.5,95,Code 95,0.2,0.396,15,2026-07-04,5,7,0.83,RETURN_TO_CHARGING,NO_FLY,HIGH
Ha Noi,21.0285,105.8542,2026-07-04 16:00:00,Open-Meteo,30.9,76,0.0,65,100,20920.0,2.7,23.0,3,Code 3,0.13,0.394,16,2026-07-04,5,7,0.87,RETURN_TO_CHARGING,NO_FLY,HIGH
Ha Noi,21.0285,105.8542,2026-07-04 17:00:00,Open-Meteo,30.2,80,0.0,58,99,20920.0,5.1,24.1,3,Code 3,0.1,0.392,17,2026-07-04,5,7,0.87,RETURN_TO_CHARGING,NO_FLY,HIGH
Ho Chi Minh,10.7769,106.7009,2026-07-02 06:00:00,Open-Meteo,24.4,97,1.7,100,100,3260.0,13.2,26.3,80,Code 80,0.03,0.362,6,2026-07-02,3,7,0.83,RETURN_TO_CHARGING,NO_FLY,HIGH
Ho Chi Minh,10.7769,106.7009,2026-07-02 07:00:00,Open-Meteo,26.6,90,1.4,100,100,19860.0,9.9,26.3,95,Code 95,0.05,0.305,7,2026-07-02,3,7,0.83,RETURN_TO_CHARGING,NO_FLY,HIGH
Ho Chi Minh,10.7769,106.7009,2026-07-02 08:00:00,Open-Meteo,27.2,87,0.2,100,99,7640.0,9.0,30.2,51,Code 51,0.09,0.305,8,2026-07-02,3,7,0.72,RETURN_TO_CHARGING,NO_FLY,HIGH
Ho Chi Minh,10.7769,106.7009,2026-07-02 09:00:00,Open-Meteo,27.9,83,0.1,100,100,23460.0,9.6,30.6,51,Code 51,0.15,0.303,9,2026-07-02,3,7,0.72,RETURN_TO_CHARGING,NO_FLY,HIGH
Ho Chi Minh,10.7769,106.7009,2026-07-02 10:00:00,Open-Meteo,28.4,82,0.1,100,96,9400.0,11.4,30.6,51,Code 51,0.19,0.301,10,2026-07-02,3,7,0.72,RETURN_TO_CHARGING,NO_FLY,HIGH
Ho Chi Minh,10.7769,106.7009,2026-07-02 11:00:00,Open-Meteo,29.7,77,0.1,99,100,11900.0,11.8,35.6,51,Code 51,0.22,0.298,11,2026-07-02,3,7,0.72,RETURN_TO_CHARGING,NO_FLY,HIGH
Ho Chi Minh,10.7769,106.7009,2026-07-02 12:00:00,Open-Meteo,28.5,80,1.5,99,100,2400.0,12.4,37.1,95,Code 95,0.28,0.311,12,2026-07-02,3,7,0.68,RETURN_TO_CHARGING,NO_FLY,HIGH
Ho Chi Minh,10.7769,106.7009,2026-07-02 13:00:00,Open-Meteo,26.4,93,7.0,98,99,1760.0,10.7,38.5,96,Code 96,0.27,0.395,13,2026-07-02,3,7,0.57,RETURN_TO_CHARGING,NO_FLY,HIGH
Ho Chi Minh,10.7769,106.7009,2026-07-02 14:00:00,Open-Meteo,25.6,94,7.1,98,100,1840.0,9.7,27.0,96,Code 96,0.26,0.421,14,2026-07-02,3,7,0.72,RETURN_TO_CHARGING,NO_FLY,HIGH
Ho Chi Minh,10.7769,106.7009,2026-07-02 15:00:00,Open-Meteo,26.3,94,3.0,98,99,4620.0,9.3,22.7,95,Code 95,0.19,0.411,15,2026-07-02,3,7,0.68,RETURN_TO_CHARGING,NO_FLY,HIGH
Ho Chi Minh,10.7769,106.7009,2026-07-02 16:00:00,Open-Meteo,26.8,91,0.5,98,100,4920.0,12.8,24.1,53,Code 53,0.22,0.403,16,2026-07-02,3,7,0.87,RETURN_TO_CHARGING,NO_FLY,HIGH
Ho Chi Minh,10.7769,106.7009,2026-07-02 17:00:00,Open-Meteo,26.8,91,0.3,99,99,6860.0,8.5,24.1,51,Code 51,0.14,0.396,17,2026-07-02,3,7,0.87,RETURN_TO_CHARGING,NO_FLY,HIGH
Ho Chi Minh,10.7769,106.7009,2026-07-03 06:00:00,Open-Meteo,25.7,93,0.1,56,100,11000.0,8.3,27.4,51,Code 51,0.03,0.358,6,2026-07-03,4,7,0.87,RETURN_TO_CHARGING,NO_FLY,HIGH
Ho Chi Minh,10.7769,106.7009,2026-07-03 07:00:00,Open-Meteo,26.1,91,0.1,61,99,9440.0,8.4,22.0,51,Code 51,0.04,0.356,7,2026-07-03,4,7,0.87,RETURN_TO_CHARGING,NO_FLY,HIGH
Ho Chi Minh,10.7769,106.7009,2026-07-03 08:00:00,Open-Meteo,26.4,89,0.2,66,100,7060.0,9.7,25.9,51,Code 51,0.1,0.357,8,2026-07-03,4,7,0.87,RETURN_TO_CHARGING,NO_FLY,HIGH
Ho Chi Minh,10.7769,106.7009,2026-07-03 09:00:00,Open-Meteo,26.2,90,1.5,71,100,6120.0,9.1,29.5,80,Code 80,0.18,0.371,9,2026-07-03,4,7,0.68,RETURN_TO_CHARGING,NO_FLY,HIGH
Ho Chi Minh,10.7769,106.7009,2026-07-03 10:00:00,Open-Meteo,27.2,87,0.2,76,100,7100.0,11.1,27.7,51,Code 51,0.21,0.37,10,2026-07-03,4,7,0.87,RETURN_TO_CHARGING,NO_FLY,HIGH
Ho Chi Minh,10.7769,106.7009,2026-07-03 11:00:00,Open-Meteo,28.3,80,0.2,82,100,13040.0,11.3,29.9,51,Code 51,0.25,0.367,11,2026-07-03,4,7,0.72,RETURN_TO_CHARGING,NO_FLY,HIGH
Ho Chi Minh,10.7769,106.7009,2026-07-03 12:00:00,Open-Meteo,28.9,76,0.1,88,100,9140.0,11.5,30.2,51,Code 51,0.27,0.363,12,2026-07-03,4,7,0.72,RETURN_TO_CHARGING,NO_FLY,HIGH
Ho Chi Minh,10.7769,106.7009,2026-07-03 13:00:00,Open-Meteo,27.5,85,1.9,92,100,2180.0,16.0,40.3,95,Code 95,0.27,0.38,13,2026-07-03,4,7,0.68,RETURN_TO_CHARGING,NO_FLY,HIGH
Ho Chi Minh,10.7769,106.7009,2026-07-03 14:00:00,Open-Meteo,26.6,90,4.7,94,100,2540.0,15.2,39.6,96,Code 96,0.28,0.425,14,2026-07-03,4,7,0.57,RETURN_TO_CHARGING,NO_FLY,HIGH
Ho Chi Minh,10.7769,106.7009,2026-07-03 15:00:00,Open-Meteo,26.4,93,1.9,95,100,3700.0,7.8,33.8,95,Code 95,0.24,0.417,15,2026-07-03,4,7,0.68,RETURN_TO_CHARGING,NO_FLY,HIGH
Ho Chi Minh,10.7769,106.7009,2026-07-03 16:00:00,Open-Meteo,26.3,93,0.7,96,100,4120.0,7.7,24.1,53,Code 53,0.22,0.41,16,2026-07-03,4,7,0.87,RETURN_TO_CHARGING,NO_FLY,HIGH
Ho Chi Minh,10.7769,106.7009,2026-07-03 17:00:00,Open-Meteo,26.2,94,0.5,98,100,6400.0,10.7,21.6,53,Code 53,0.15,0.406,17,2026-07-03,4,7,0.87,RETURN_TO_CHARGING,NO_FLY,HIGH
Ho Chi Minh,10.7769,106.7009,2026-07-04 06:00:00,Open-Meteo,24.5,97,0.1,45,100,9220.0,8.9,14.8,51,Code 51,0.02,0.389,6,2026-07-04,5,7,0.95,TAKE_OFF,FLY,LOW
Ho Chi Minh,10.7769,106.7009,2026-07-04 07:00:00,Open-Meteo,25.6,93,0.0,49,99,17260.0,10.6,21.6,3,Code 3,0.05,0.387,7,2026-07-04,5,7,0.95,TAKE_OFF,FLY,LOW
Ho Chi Minh,10.7769,106.7009,2026-07-04 08:00:00,Open-Meteo,26.9,86,0.0,52,100,20700.0,14.5,28.8,3,Code 3,0.15,0.384,8,2026-07-04,5,7,0.87,RETURN_TO_CHARGING,NO_FLY,HIGH
Ho Chi Minh,10.7769,106.7009,2026-07-04 09:00:00,Open-Meteo,27.8,82,0.0,54,100,24800.0,10.3,32.4,3,Code 3,0.25,0.379,9,2026-07-04,5,7,0.72,RETURN_TO_CHARGING,NO_FLY,HIGH
Ho Chi Minh,10.7769,106.7009,2026-07-04 10:00:00,Open-Meteo,28.3,81,0.0,59,100,12020.0,10.1,32.0,3,Code 3,0.29,0.375,10,2026-07-04,5,7,0.72,RETURN_TO_CHARGING,NO_FLY,HIGH
Ho Chi Minh,10.7769,106.7009,2026-07-04 11:00:00,Open-Meteo,29.6,77,0.2,70,100,20940.0,9.1,28.1,51,Code 51,0.34,0.371,11,2026-07-04,5,7,0.87,RETURN_TO_CHARGING,NO_FLY,HIGH
Ho Chi Minh,10.7769,106.7009,2026-07-04 12:00:00,Open-Meteo,30.4,72,0.1,84,100,31200.0,10.0,31.0,51,Code 51,0.39,0.366,12,2026-07-04,5,7,0.72,RETURN_TO_CHARGING,NO_FLY,HIGH
Ho Chi Minh,10.7769,106.7009,2026-07-04 13:00:00,Open-Meteo,30.3,71,0.1,94,100,8000.0,12.2,35.6,51,Code 51,0.34,0.361,13,2026-07-04,5,7,0.72,RETURN_TO_CHARGING,NO_FLY,HIGH
Ho Chi Minh,10.7769,106.7009,2026-07-04 14:00:00,Open-Meteo,27.2,88,4.9,98,100,1680.0,10.8,35.6,96,Code 96,0.27,0.418,14,2026-07-04,5,7,0.57,RETURN_TO_CHARGING,NO_FLY,HIGH
Ho Chi Minh,10.7769,106.7009,2026-07-04 15:00:00,Open-Meteo,26.2,93,10.5,99,100,2140.0,8.4,36.7,96,Code 96,0.19,0.428,15,2026-07-04,5,7,0.57,RETURN_TO_CHARGING,NO_FLY,HIGH
Ho Chi Minh,10.7769,106.7009,2026-07-04 16:00:00,Open-Meteo,26.2,95,2.0,98,100,3280.0,4.2,18.4,80,Code 80,0.17,0.426,16,2026-07-04,5,7,0.83,RETURN_TO_CHARGING,NO_FLY,HIGH
Ho Chi Minh,10.7769,106.7009,2026-07-04 17:00:00,Open-Meteo,26.2,95,0.8,98,100,4460.0,8.3,17.6,53,Code 53,0.13,0.421,17,2026-07-04,5,7,0.87,RETURN_TO_CHARGING,NO_FLY,HIGH
Long An,10.536,106.4052,2026-07-02 06:00:00,Open-Meteo,24.4,97,1.7,99,100,3380.0,11.2,23.4,80,Code 80,0.02,0.502,6,2026-07-02,3,7,0.83,RETURN_TO_CHARGING,NO_FLY,HIGH
Long An,10.536,106.4052,2026-07-02 07:00:00,Open-Meteo,27.0,84,0.8,96,98,24900.0,14.5,25.2,53,Code 53,0.04,0.464,7,2026-07-02,3,7,0.87,RETURN_TO_CHARGING,NO_FLY,HIGH
Long An,10.536,106.4052,2026-07-02 08:00:00,Open-Meteo,27.4,86,0.0,97,100,21640.0,11.5,27.7,3,Code 3,0.1,0.462,8,2026-07-02,3,7,0.87,RETURN_TO_CHARGING,NO_FLY,HIGH
Long An,10.536,106.4052,2026-07-02 09:00:00,Open-Meteo,27.5,86,0.0,97,100,16960.0,11.1,23.8,3,Code 3,0.19,0.461,9,2026-07-02,3,7,0.87,RETURN_TO_CHARGING,NO_FLY,HIGH
Long An,10.536,106.4052,2026-07-02 10:00:00,Open-Meteo,28.3,83,0.0,98,92,15120.0,11.8,30.2,3,Code 3,0.26,0.46,10,2026-07-02,3,7,0.72,RETURN_TO_CHARGING,NO_FLY,HIGH
Long An,10.536,106.4052,2026-07-02 11:00:00,Open-Meteo,28.0,85,2.2,98,99,3040.0,18.4,45.0,95,Code 95,0.33,0.48,11,2026-07-02,3,7,0.53,RETURN_TO_CHARGING,NO_FLY,HIGH
Long An,10.536,106.4052,2026-07-02 12:00:00,Open-Meteo,28.6,88,0.9,97,99,4820.0,8.5,34.6,53,Code 53,0.35,0.485,12,2026-07-02,3,7,0.72,RETURN_TO_CHARGING,NO_FLY,HIGH
Long An,10.536,106.4052,2026-07-02 13:00:00,Open-Meteo,28.3,87,1.6,96,100,2080.0,14.1,32.4,96,Code 96,0.37,0.498,13,2026-07-02,3,7,0.72,RETURN_TO_CHARGING,NO_FLY,HIGH
Long An,10.536,106.4052,2026-07-02 14:00:00,Open-Meteo,27.2,93,4.2,96,100,2500.0,9.9,38.5,96,Code 96,0.35,0.51,14,2026-07-02,3,7,0.57,RETURN_TO_CHARGING,NO_FLY,HIGH
Long An,10.536,106.4052,2026-07-02 15:00:00,Open-Meteo,26.7,92,1.9,96,99,2500.0,13.8,23.8,80,Code 80,0.29,0.515,15,2026-07-02,3,7,0.83,RETURN_TO_CHARGING,NO_FLY,HIGH
Long An,10.536,106.4052,2026-07-02 16:00:00,Open-Meteo,26.5,94,1.2,96,99,5040.0,13.1,22.0,55,Code 55,0.28,0.511,16,2026-07-02,3,7,0.83,RETURN_TO_CHARGING,NO_FLY,HIGH
Long An,10.536,106.4052,2026-07-02 17:00:00,Open-Meteo,26.6,93,0.2,97,100,7520.0,11.6,22.7,51,Code 51,0.19,0.504,17,2026-07-02,3,7,0.87,RETURN_TO_CHARGING,NO_FLY,HIGH
Long An,10.536,106.4052,2026-07-03 06:00:00,Open-Meteo,25.2,95,0.2,61,100,7940.0,10.5,21.6,51,Code 51,0.01,0.483,6,2026-07-03,4,7,0.87,RETURN_TO_CHARGING,NO_FLY,HIGH
Long An,10.536,106.4052,2026-07-03 07:00:00,Open-Meteo,25.8,93,0.1,67,100,9560.0,11.9,24.8,51,Code 51,0.04,0.482,7,2026-07-03,4,7,0.87,RETURN_TO_CHARGING,NO_FLY,HIGH
Long An,10.536,106.4052,2026-07-03 08:00:00,Open-Meteo,26.2,89,0.2,69,100,5980.0,13.6,29.9,51,Code 51,0.12,0.483,8,2026-07-03,4,7,0.72,RETURN_TO_CHARGING,NO_FLY,HIGH
Long An,10.536,106.4052,2026-07-03 09:00:00,Open-Meteo,26.4,90,0.1,69,100,8900.0,14.9,27.7,51,Code 51,0.21,0.482,9,2026-07-03,4,7,0.87,RETURN_TO_CHARGING,NO_FLY,HIGH
Long An,10.536,106.4052,2026-07-03 10:00:00,Open-Meteo,27.3,87,0.1,71,100,10460.0,14.4,28.8,51,Code 51,0.27,0.481,10,2026-07-03,4,7,0.87,RETURN_TO_CHARGING,NO_FLY,HIGH
Long An,10.536,106.4052,2026-07-03 11:00:00,Open-Meteo,28.6,80,0.1,76,100,17620.0,15.0,32.0,51,Code 51,0.34,0.479,11,2026-07-03,4,7,0.72,RETURN_TO_CHARGING,NO_FLY,HIGH
Long An,10.536,106.4052,2026-07-03 12:00:00,Open-Meteo,28.6,78,0.2,82,100,5980.0,16.2,35.6,51,Code 51,0.35,0.478,12,2026-07-03,4,7,0.72,RETURN_TO_CHARGING,NO_FLY,HIGH
Long An,10.536,106.4052,2026-07-03 13:00:00,Open-Meteo,26.8,88,2.9,88,100,2520.0,18.1,37.1,95,Code 95,0.33,0.508,13,2026-07-03,4,7,0.53,RETURN_TO_CHARGING,NO_FLY,HIGH
Long An,10.536,106.4052,2026-07-03 14:00:00,Open-Meteo,26.2,91,2.7,93,100,2640.0,16.6,33.5,95,Code 95,0.34,0.506,14,2026-07-03,4,7,0.53,RETURN_TO_CHARGING,NO_FLY,HIGH
Long An,10.536,106.4052,2026-07-03 15:00:00,Open-Meteo,26.8,90,1.8,97,100,3080.0,10.7,30.2,80,Code 80,0.29,0.516,15,2026-07-03,4,7,0.68,RETURN_TO_CHARGING,NO_FLY,HIGH
Long An,10.536,106.4052,2026-07-03 16:00:00,Open-Meteo,26.6,93,1.0,98,100,3800.0,12.5,25.6,55,Code 55,0.25,0.513,16,2026-07-03,4,7,0.83,RETURN_TO_CHARGING,NO_FLY,HIGH
Long An,10.536,106.4052,2026-07-03 17:00:00,Open-Meteo,26.0,96,1.0,96,100,3320.0,13.0,23.4,55,Code 55,0.17,0.515,17,2026-07-03,4,7,0.83,RETURN_TO_CHARGING,NO_FLY,HIGH
Long An,10.536,106.4052,2026-07-04 06:00:00,Open-Meteo,24.5,97,0.0,34,100,11460.0,11.0,16.9,3,Code 3,0.01,0.498,6,2026-07-04,5,7,0.95,TAKE_OFF,FLY,LOW
Long An,10.536,106.4052,2026-07-04 07:00:00,Open-Meteo,25.5,93,0.0,41,99,17860.0,14.8,21.2,3,Code 3,0.04,0.497,7,2026-07-04,5,7,0.95,TAKE_OFF,FLY,LOW
Long An,10.536,106.4052,2026-07-04 08:00:00,Open-Meteo,26.7,88,0.0,45,100,10480.0,13.2,32.8,3,Code 3,0.17,0.495,8,2026-07-04,5,7,0.8,LOCK_SPRAY,NO_FLY,HIGH
Long An,10.536,106.4052,2026-07-04 09:00:00,Open-Meteo,27.6,83,0.1,49,100,8980.0,13.7,32.4,51,Code 51,0.28,0.493,9,2026-07-04,5,7,0.8,LOCK_SPRAY,NO_FLY,HIGH
Long An,10.536,106.4052,2026-07-04 10:00:00,Open-Meteo,28.9,79,0.1,55,100,14340.0,14.0,31.3,51,Code 51,0.35,0.49,10,2026-07-04,5,7,0.72,RETURN_TO_CHARGING,NO_FLY,HIGH
Long An,10.536,106.4052,2026-07-04 11:00:00,Open-Meteo,29.4,77,0.2,67,100,15720.0,14.8,32.0,95,Code 95,0.41,0.488,11,2026-07-04,5,7,0.68,RETURN_TO_CHARGING,NO_FLY,HIGH
Long An,10.536,106.4052,2026-07-04 12:00:00,Open-Meteo,30.3,74,0.1,81,100,14800.0,13.6,34.2,51,Code 51,0.43,0.484,12,2026-07-04,5,7,0.72,RETURN_TO_CHARGING,NO_FLY,HIGH
Long An,10.536,106.4052,2026-07-04 13:00:00,Open-Meteo,30.2,73,0.2,92,100,6840.0,15.8,37.8,95,Code 95,0.35,0.481,13,2026-07-04,5,7,0.68,RETURN_TO_CHARGING,NO_FLY,HIGH
Long An,10.536,106.4052,2026-07-04 14:00:00,Open-Meteo,27.1,92,5.0,97,100,1960.0,7.8,36.0,96,Code 96,0.36,0.508,14,2026-07-04,5,7,0.57,RETURN_TO_CHARGING,NO_FLY,HIGH
Long An,10.536,106.4052,2026-07-04 15:00:00,Open-Meteo,26.4,92,6.1,99,100,2300.0,7.6,28.8,95,Code 95,0.31,0.52,15,2026-07-04,5,7,0.68,RETURN_TO_CHARGING,NO_FLY,HIGH
Long An,10.536,106.4052,2026-07-04 16:00:00,Open-Meteo,26.0,93,1.6,98,100,4160.0,7.2,19.8,80,Code 80,0.19,0.516,16,2026-07-04,5,7,0.83,RETURN_TO_CHARGING,NO_FLY,HIGH
Long An,10.536,106.4052,2026-07-04 17:00:00,Open-Meteo,26.1,93,0.4,95,100,6420.0,5.1,18.4,51,Code 51,0.13,0.513,17,2026-07-04,5,7,0.87,RETURN_TO_CHARGING,NO_FLY,HIGH
Tien Giang,10.3598,106.3567,2026-07-02 06:00:00,Open-Meteo,24.5,97,2.5,93,100,2680.0,9.9,21.2,81,Code 81,0.03,0.421,6,2026-07-02,3,7,0.68,RETURN_TO_CHARGING,NO_FLY,HIGH
Tien Giang,10.3598,106.3567,2026-07-02 07:00:00,Open-Meteo,26.9,89,1.2,88,100,14880.0,16.2,27.0,55,Code 55,0.06,0.341,7,2026-07-02,3,7,0.83,RETURN_TO_CHARGING,NO_FLY,HIGH
Tien Giang,10.3598,106.3567,2026-07-02 08:00:00,Open-Meteo,27.2,88,0.0,88,100,19700.0,10.9,29.2,3,Code 3,0.13,0.339,8,2026-07-02,3,7,0.72,RETURN_TO_CHARGING,NO_FLY,HIGH
Tien Giang,10.3598,106.3567,2026-07-02 09:00:00,Open-Meteo,27.5,85,0.1,89,99,20020.0,11.9,28.1,51,Code 51,0.22,0.338,9,2026-07-02,3,7,0.87,RETURN_TO_CHARGING,NO_FLY,HIGH
Tien Giang,10.3598,106.3567,2026-07-02 10:00:00,Open-Meteo,28.8,81,0.1,90,94,22980.0,13.2,30.6,51,Code 51,0.32,0.336,10,2026-07-02,3,7,0.72,RETURN_TO_CHARGING,NO_FLY,HIGH
Tien Giang,10.3598,106.3567,2026-07-02 11:00:00,Open-Meteo,28.1,87,2.1,92,99,4040.0,14.8,44.6,95,Code 95,0.33,0.354,11,2026-07-02,3,7,0.53,RETURN_TO_CHARGING,NO_FLY,HIGH
Tien Giang,10.3598,106.3567,2026-07-02 12:00:00,Open-Meteo,28.5,87,0.7,96,100,6300.0,8.3,29.2,95,Code 95,0.34,0.356,12,2026-07-02,3,7,0.68,RETURN_TO_CHARGING,NO_FLY,HIGH
Tien Giang,10.3598,106.3567,2026-07-02 13:00:00,Open-Meteo,27.2,89,3.2,98,100,2240.0,17.9,42.1,95,Code 95,0.34,0.389,13,2026-07-02,3,7,0.53,RETURN_TO_CHARGING,NO_FLY,HIGH
Tien Giang,10.3598,106.3567,2026-07-02 14:00:00,Open-Meteo,26.7,90,1.7,99,99,3840.0,13.0,39.6,80,Code 80,0.35,0.398,14,2026-07-02,3,7,0.68,RETURN_TO_CHARGING,NO_FLY,HIGH
Tien Giang,10.3598,106.3567,2026-07-02 15:00:00,Open-Meteo,26.4,94,1.6,100,100,2660.0,14.7,31.3,80,Code 80,0.28,0.405,15,2026-07-02,3,7,0.68,RETURN_TO_CHARGING,NO_FLY,HIGH
Tien Giang,10.3598,106.3567,2026-07-02 16:00:00,Open-Meteo,26.5,93,1.5,100,100,4000.0,13.4,24.8,80,Code 80,0.26,0.407,16,2026-07-02,3,7,0.83,RETURN_TO_CHARGING,NO_FLY,HIGH
Tien Giang,10.3598,106.3567,2026-07-02 17:00:00,Open-Meteo,26.3,96,0.4,100,100,6760.0,7.5,19.8,51,Code 51,0.17,0.398,17,2026-07-02,3,7,0.87,RETURN_TO_CHARGING,NO_FLY,HIGH
Tien Giang,10.3598,106.3567,2026-07-03 06:00:00,Open-Meteo,25.0,97,0.2,77,100,8580.0,11.2,23.4,51,Code 51,0.03,0.359,6,2026-07-03,4,7,0.87,RETURN_TO_CHARGING,NO_FLY,HIGH
Tien Giang,10.3598,106.3567,2026-07-03 07:00:00,Open-Meteo,25.5,94,0.1,80,100,6080.0,10.8,22.0,51,Code 51,0.07,0.358,7,2026-07-03,4,7,0.87,RETURN_TO_CHARGING,NO_FLY,HIGH
Tien Giang,10.3598,106.3567,2026-07-03 08:00:00,Open-Meteo,25.9,90,0.6,82,100,9600.0,13.9,31.0,53,Code 53,0.14,0.363,8,2026-07-03,4,7,0.72,RETURN_TO_CHARGING,NO_FLY,HIGH
Tien Giang,10.3598,106.3567,2026-07-03 09:00:00,Open-Meteo,26.2,92,0.1,84,100,11600.0,14.7,28.4,51,Code 51,0.26,0.361,9,2026-07-03,4,7,0.87,RETURN_TO_CHARGING,NO_FLY,HIGH
Tien Giang,10.3598,106.3567,2026-07-03 10:00:00,Open-Meteo,27.2,87,0.1,86,100,7640.0,15.5,30.2,51,Code 51,0.32,0.36,10,2026-07-03,4,7,0.72,RETURN_TO_CHARGING,NO_FLY,HIGH
Tien Giang,10.3598,106.3567,2026-07-03 11:00:00,Open-Meteo,28.2,83,0.1,89,100,18660.0,15.2,33.8,51,Code 51,0.33,0.357,11,2026-07-03,4,7,0.72,RETURN_TO_CHARGING,NO_FLY,HIGH
Tien Giang,10.3598,106.3567,2026-07-03 12:00:00,Open-Meteo,28.2,82,0.0,93,100,12280.0,15.7,35.6,3,Code 3,0.33,0.354,12,2026-07-03,4,7,0.72,RETURN_TO_CHARGING,NO_FLY,HIGH
Tien Giang,10.3598,106.3567,2026-07-03 13:00:00,Open-Meteo,27.3,87,0.9,96,100,3900.0,15.2,36.0,53,Code 53,0.28,0.358,13,2026-07-03,4,7,0.72,RETURN_TO_CHARGING,NO_FLY,HIGH
Tien Giang,10.3598,106.3567,2026-07-03 14:00:00,Open-Meteo,26.1,93,2.3,98,100,2760.0,15.0,30.6,95,Code 95,0.28,0.382,14,2026-07-03,4,7,0.53,RETURN_TO_CHARGING,NO_FLY,HIGH
Tien Giang,10.3598,106.3567,2026-07-03 15:00:00,Open-Meteo,26.6,94,1.0,98,100,4300.0,8.7,29.5,55,Code 55,0.27,0.388,15,2026-07-03,4,7,0.68,RETURN_TO_CHARGING,NO_FLY,HIGH
Tien Giang,10.3598,106.3567,2026-07-03 16:00:00,Open-Meteo,26.3,95,0.9,98,100,2820.0,12.2,25.2,53,Code 53,0.24,0.392,16,2026-07-03,4,7,0.87,RETURN_TO_CHARGING,NO_FLY,HIGH
Tien Giang,10.3598,106.3567,2026-07-03 17:00:00,Open-Meteo,25.9,97,1.6,98,100,2620.0,11.0,21.2,80,Code 80,0.17,0.406,17,2026-07-03,4,7,0.83,RETURN_TO_CHARGING,NO_FLY,HIGH
Tien Giang,10.3598,106.3567,2026-07-04 06:00:00,Open-Meteo,24.6,98,0.0,47,100,9580.0,14.7,16.9,3,Code 3,0.02,0.383,6,2026-07-04,5,7,0.95,TAKE_OFF,FLY,LOW
Tien Giang,10.3598,106.3567,2026-07-04 07:00:00,Open-Meteo,25.4,94,0.0,55,98,17380.0,16.3,20.9,3,Code 3,0.05,0.381,7,2026-07-04,5,7,0.87,RETURN_TO_CHARGING,NO_FLY,HIGH
Tien Giang,10.3598,106.3567,2026-07-04 08:00:00,Open-Meteo,26.4,90,0.1,59,100,8660.0,11.4,31.0,51,Code 51,0.17,0.379,8,2026-07-04,5,7,0.72,RETURN_TO_CHARGING,NO_FLY,HIGH
Tien Giang,10.3598,106.3567,2026-07-04 09:00:00,Open-Meteo,27.5,84,0.1,61,100,12320.0,14.8,31.3,51,Code 51,0.26,0.376,9,2026-07-04,5,7,0.72,RETURN_TO_CHARGING,NO_FLY,HIGH
Tien Giang,10.3598,106.3567,2026-07-04 10:00:00,Open-Meteo,28.7,79,0.0,65,100,13700.0,14.1,31.0,3,Code 3,0.31,0.372,10,2026-07-04,5,7,0.72,RETURN_TO_CHARGING,NO_FLY,HIGH
Tien Giang,10.3598,106.3567,2026-07-04 11:00:00,Open-Meteo,29.3,77,0.1,72,99,14960.0,14.4,32.4,51,Code 51,0.4,0.369,11,2026-07-04,5,7,0.72,RETURN_TO_CHARGING,NO_FLY,HIGH
Tien Giang,10.3598,106.3567,2026-07-04 12:00:00,Open-Meteo,30.3,74,0.1,81,99,14680.0,15.1,35.6,51,Code 51,0.42,0.364,12,2026-07-04,5,7,0.72,RETURN_TO_CHARGING,NO_FLY,HIGH
Tien Giang,10.3598,106.3567,2026-07-04 13:00:00,Open-Meteo,28.6,84,2.6,88,100,4920.0,12.3,40.3,96,Code 96,0.34,0.388,13,2026-07-04,5,7,0.57,RETURN_TO_CHARGING,NO_FLY,HIGH
Tien Giang,10.3598,106.3567,2026-07-04 14:00:00,Open-Meteo,26.6,89,4.1,92,100,1860.0,16.6,32.4,96,Code 96,0.28,0.43,14,2026-07-04,5,7,0.57,RETURN_TO_CHARGING,NO_FLY,HIGH
Tien Giang,10.3598,106.3567,2026-07-04 15:00:00,Open-Meteo,25.8,94,4.7,94,100,2140.0,6.4,37.1,81,Code 81,0.23,0.427,15,2026-07-04,5,7,0.53,RETURN_TO_CHARGING,NO_FLY,HIGH
Tien Giang,10.3598,106.3567,2026-07-04 16:00:00,Open-Meteo,25.9,94,1.7,94,100,3980.0,8.7,18.0,80,Code 80,0.17,0.421,16,2026-07-04,5,7,0.83,RETURN_TO_CHARGING,NO_FLY,HIGH
Tien Giang,10.3598,106.3567,2026-07-04 17:00:00,Open-Meteo,26.0,95,0.4,90,100,6720.0,6.0,17.3,51,Code 51,0.12,0.414,17,2026-07-04,5,7,0.87,RETURN_TO_CHARGING,NO_FLY,HIGH
