location_name,latitude,longitude,timestamp,source,temperature_2m,relative_humidity_2m,precipitation_probability,precipitation,cloud_cover,visibility,wind_speed_10m,wind_gusts_10m,weather_code,weather_description
Dong Thap,10.4939,105.6882,2026-05-25 00:00:00,WeatherAPI,28.1,79,74,0.04,85,10000.0,14.8,23.1,1063,Patchy rain nearby
Dong Thap,10.4939,105.6882,2026-05-25 01:00:00,WeatherAPI,27.7,81,0,0.0,36,10000.0,12.2,19.4,1003,Partly Cloudy
Dong Thap,10.4939,105.6882,2026-05-25 02:00:00,WeatherAPI,27.1,84,100,1.14,77,9000.0,9.4,15.8,1063,Patchy rain nearby
Dong Thap,10.4939,105.6882,2026-05-25 03:00:00,WeatherAPI,26.7,86,0,0.0,21,10000.0,8.6,14.9,1000,Clear
Dong Thap,10.4939,105.6882,2026-05-25 04:00:00,WeatherAPI,26.5,87,0,0.0,25,10000.0,9.0,15.6,1003,Partly Cloudy
Dong Thap,10.4939,105.6882,2026-05-25 05:00:00,WeatherAPI,26.3,88,0,0.0,23,10000.0,7.6,13.3,1000,Clear
Dong Thap,10.4939,105.6882,2026-05-25 06:00:00,WeatherAPI,26.7,87,0,0.0,27,10000.0,7.9,13.2,1003,Partly Cloudy
Dong Thap,10.4939,105.6882,2026-05-25 07:00:00,WeatherAPI,28.2,80,0,0.0,21,10000.0,10.4,14.1,1000,Sunny
Dong Thap,10.4939,105.6882,2026-05-25 08:00:00,WeatherAPI,30.3,69,0,0.0,13,10000.0,15.1,18.1,1000,Sunny
Dong Thap,10.4939,105.6882,2026-05-25 09:00:00,WeatherAPI,32.2,59,0,0.0,29,10000.0,14.8,17.0,1003,Partly Cloudy
Dong Thap,10.4939,105.6882,2026-05-25 10:00:00,WeatherAPI,33.7,52,0,0.0,28,10000.0,15.8,18.2,1003,Partly Cloudy
Dong Thap,10.4939,105.6882,2026-05-25 11:00:00,WeatherAPI,35.0,48,0,0.0,65,10000.0,16.2,18.6,1006,Cloudy
Dong Thap,10.4939,105.6882,2026-05-25 12:00:00,WeatherAPI,36.0,45,0,0.0,41,9000.0,18.0,20.7,1087,Thundery outbreaks in nearby
Dong Thap,10.4939,105.6882,2026-05-25 13:00:00,WeatherAPI,36.3,44,76,0.01,100,10000.0,21.2,24.4,1063,Patchy rain nearby
Dong Thap,10.4939,105.6882,2026-05-25 14:00:00,WeatherAPI,34.7,49,85,0.04,86,10000.0,22.3,28.7,1063,Patchy rain nearby
Dong Thap,10.4939,105.6882,2026-05-25 15:00:00,WeatherAPI,33.3,54,0,0.0,79,9000.0,21.6,31.3,1087,Thundery outbreaks in nearby
Dong Thap,10.4939,105.6882,2026-05-25 16:00:00,WeatherAPI,33.4,53,0,0.0,25,10000.0,23.8,31.7,1000,Sunny
Dong Thap,10.4939,105.6882,2026-05-25 17:00:00,WeatherAPI,32.5,56,0,0.0,24,10000.0,23.4,31.8,1000,Sunny
Dong Thap,10.4939,105.6882,2026-05-25 18:00:00,WeatherAPI,30.7,63,0,0.0,22,10000.0,22.3,34.5,1000,Sunny
Dong Thap,10.4939,105.6882,2026-05-25 19:00:00,WeatherAPI,29.5,69,0,0.0,23,10000.0,21.2,32.4,1000,Clear
Dong Thap,10.4939,105.6882,2026-05-25 20:00:00,WeatherAPI,29.1,73,0,0.0,25,10000.0,19.8,30.0,1000,Clear
Dong Thap,10.4939,105.6882,2026-05-25 21:00:00,WeatherAPI,28.8,74,0,0.0,27,10000.0,19.4,29.7,1003,Partly Cloudy
Dong Thap,10.4939,105.6882,2026-05-25 22:00:00,WeatherAPI,28.3,78,100,1.64,76,9000.0,17.6,28.4,1063,Patchy rain nearby
Dong Thap,10.4939,105.6882,2026-05-25 23:00:00,WeatherAPI,27.6,82,0,0.0,30,10000.0,17.3,29.8,1003,Partly Cloudy
Dong Thap,10.4939,105.6882,2026-05-26 00:00:00,WeatherAPI,27.8,82,100,0.23,83,9000.0,19.1,31.5,1063,Patchy rain nearby
Dong Thap,10.4939,105.6882,2026-05-26 01:00:00,WeatherAPI,27.4,83,100,1.38,76,9000.0,18.4,32.1,1063,Patchy rain nearby
Dong Thap,10.4939,105.6882,2026-05-26 02:00:00,WeatherAPI,27.4,83,100,0.19,85,9000.0,18.4,32.0,1063,Patchy rain nearby
Dong Thap,10.4939,105.6882,2026-05-26 03:00:00,WeatherAPI,27.5,83,79,0.01,73,10000.0,16.6,27.8,1063,Patchy rain nearby
Dong Thap,10.4939,105.6882,2026-05-26 04:00:00,WeatherAPI,27.3,84,0,0.0,29,10000.0,16.6,28.6,1003,Partly Cloudy
Dong Thap,10.4939,105.6882,2026-05-26 05:00:00,WeatherAPI,27.3,84,0,0.0,29,10000.0,15.8,26.8,1003,Partly Cloudy
Dong Thap,10.4939,105.6882,2026-05-26 06:00:00,WeatherAPI,26.5,87,100,2.57,79,7000.0,14.8,28.2,1243,Moderate or heavy rain shower
Dong Thap,10.4939,105.6882,2026-05-26 07:00:00,WeatherAPI,28.4,79,100,2.9,70,7000.0,20.9,32.6,1243,Moderate or heavy rain shower
Dong Thap,10.4939,105.6882,2026-05-26 08:00:00,WeatherAPI,29.6,74,0,0.0,13,10000.0,21.6,28.6,1000,Sunny
Dong Thap,10.4939,105.6882,2026-05-26 09:00:00,WeatherAPI,31.1,66,0,0.0,47,10000.0,23.8,29.1,1003,Partly Cloudy
Dong Thap,10.4939,105.6882,2026-05-26 10:00:00,WeatherAPI,32.7,58,0,0.0,25,10000.0,24.5,30.4,1000,Sunny
Dong Thap,10.4939,105.6882,2026-05-26 11:00:00,WeatherAPI,33.9,52,0,0.0,66,10000.0,24.1,27.8,1006,Cloudy
Dong Thap,10.4939,105.6882,2026-05-26 12:00:00,WeatherAPI,34.9,48,0,0.0,41,10000.0,24.1,30.0,1003,Partly Cloudy
Dong Thap,10.4939,105.6882,2026-05-26 13:00:00,WeatherAPI,35.5,46,0,0.0,90,10000.0,24.8,28.6,1009,Overcast
Dong Thap,10.4939,105.6882,2026-05-26 14:00:00,WeatherAPI,35.4,46,0,0.0,56,10000.0,27.0,31.1,1003,Partly Cloudy
Dong Thap,10.4939,105.6882,2026-05-26 15:00:00,WeatherAPI,34.5,49,0,0.0,25,10000.0,27.7,32.9,1003,Partly Cloudy
Dong Thap,10.4939,105.6882,2026-05-26 16:00:00,WeatherAPI,33.1,55,0,0.0,31,10000.0,28.1,35.2,1003,Partly Cloudy
Dong Thap,10.4939,105.6882,2026-05-26 17:00:00,WeatherAPI,31.4,61,0,0.0,21,10000.0,25.6,36.1,1000,Sunny
Dong Thap,10.4939,105.6882,2026-05-26 18:00:00,WeatherAPI,30.1,66,0,0.0,17,10000.0,25.9,38.8,1000,Sunny
Dong Thap,10.4939,105.6882,2026-05-26 19:00:00,WeatherAPI,29.2,70,100,0.45,87,9000.0,23.8,36.3,1063,Patchy rain nearby
Dong Thap,10.4939,105.6882,2026-05-26 20:00:00,WeatherAPI,28.9,73,0,0.0,29,10000.0,21.2,32.3,1003,Partly Cloudy
Dong Thap,10.4939,105.6882,2026-05-26 21:00:00,WeatherAPI,28.7,75,0,0.0,36,10000.0,21.6,33.3,1003,Partly Cloudy
Dong Thap,10.4939,105.6882,2026-05-26 22:00:00,WeatherAPI,28.4,78,100,2.8,76,8000.0,20.2,31.9,1186,Moderate rain at times
Dong Thap,10.4939,105.6882,2026-05-26 23:00:00,WeatherAPI,27.7,82,100,0.93,84,9000.0,17.6,30.1,1063,Patchy rain nearby
Dong Thap,10.4939,105.6882,2026-05-27 00:00:00,WeatherAPI,27.6,83,100,0.9,73,9000.0,18.0,30.1,1063,Patchy rain nearby
Dong Thap,10.4939,105.6882,2026-05-27 01:00:00,WeatherAPI,27.5,83,0,0.0,47,10000.0,16.6,27.3,1003,Partly Cloudy
Dong Thap,10.4939,105.6882,2026-05-27 02:00:00,WeatherAPI,27.3,84,100,0.84,80,9000.0,15.1,25.4,1180,Patchy light rain
Dong Thap,10.4939,105.6882,2026-05-27 03:00:00,WeatherAPI,27.0,85,0,0.0,16,10000.0,13.3,22.8,1000,Clear
Dong Thap,10.4939,105.6882,2026-05-27 04:00:00,WeatherAPI,26.9,85,0,0.0,14,10000.0,13.0,22.4,1000,Clear
Dong Thap,10.4939,105.6882,2026-05-27 05:00:00,WeatherAPI,26.7,86,100,0.73,86,9000.0,10.1,17.9,1063,Patchy rain nearby
Dong Thap,10.4939,105.6882,2026-05-27 06:00:00,WeatherAPI,26.8,86,0,0.0,31,10000.0,10.8,18.7,1003,Partly Cloudy
Dong Thap,10.4939,105.6882,2026-05-27 07:00:00,WeatherAPI,28.5,80,100,0.16,89,9000.0,14.0,20.0,1063,Patchy rain nearby
Dong Thap,10.4939,105.6882,2026-05-27 08:00:00,WeatherAPI,30.4,71,0,0.0,56,9000.0,22.0,27.7,1087,Thundery outbreaks in nearby
Dong Thap,10.4939,105.6882,2026-05-27 09:00:00,WeatherAPI,32.1,62,0,0.0,54,9000.0,22.7,26.1,1087,Thundery outbreaks in nearby
Dong Thap,10.4939,105.6882,2026-05-27 10:00:00,WeatherAPI,33.7,55,61,0.01,87,9000.0,23.8,27.3,1087,Thundery outbreaks in nearby
Dong Thap,10.4939,105.6882,2026-05-27 11:00:00,WeatherAPI,34.6,52,77,0.04,97,9000.0,24.5,28.2,1087,Thundery outbreaks in nearby
Dong Thap,10.4939,105.6882,2026-05-27 12:00:00,WeatherAPI,32.9,57,100,0.13,68,9000.0,23.8,31.4,1087,Thundery outbreaks in nearby
Dong Thap,10.4939,105.6882,2026-05-27 13:00:00,WeatherAPI,32.2,60,73,0.01,66,9000.0,22.3,31.7,1087,Thundery outbreaks in nearby
Dong Thap,10.4939,105.6882,2026-05-27 14:00:00,WeatherAPI,33.4,54,0,0.0,33,9000.0,23.4,30.0,1087,Thundery outbreaks in nearby
Dong Thap,10.4939,105.6882,2026-05-27 15:00:00,WeatherAPI,34.1,52,0,0.0,39,9000.0,25.9,31.3,1087,Thundery outbreaks in nearby
Dong Thap,10.4939,105.6882,2026-05-27 16:00:00,WeatherAPI,33.5,53,0,0.0,41,10000.0,27.0,33.6,1003,Partly Cloudy
Dong Thap,10.4939,105.6882,2026-05-27 17:00:00,WeatherAPI,31.9,60,0,0.0,51,9000.0,25.9,35.7,1087,Thundery outbreaks in nearby
Dong Thap,10.4939,105.6882,2026-05-27 18:00:00,WeatherAPI,30.3,66,0,0.0,29,10000.0,24.1,36.9,1003,Partly Cloudy
Dong Thap,10.4939,105.6882,2026-05-27 19:00:00,WeatherAPI,28.2,76,100,4.17,80,8000.0,23.8,41.5,1186,Moderate rain at times
Dong Thap,10.4939,105.6882,2026-05-27 20:00:00,WeatherAPI,28.0,81,0,0.0,24,10000.0,21.2,35.0,1000,Clear
Dong Thap,10.4939,105.6882,2026-05-27 21:00:00,WeatherAPI,27.7,82,0,0.0,17,10000.0,20.2,33.9,1000,Clear
Dong Thap,10.4939,105.6882,2026-05-27 22:00:00,WeatherAPI,27.6,83,0,0.0,22,10000.0,18.7,31.4,1000,Clear
Dong Thap,10.4939,105.6882,2026-05-27 23:00:00,WeatherAPI,27.5,84,0,0.0,24,10000.0,16.6,27.8,1000,Clear
Long An,10.536,106.4052,2026-05-25 00:00:00,WeatherAPI,27.6,82,100,0.06,78,10000.0,8.3,13.2,1063,Patchy rain nearby
Long An,10.536,106.4052,2026-05-25 01:00:00,WeatherAPI,27.4,83,100,0.07,88,10000.0,7.2,11.6,1063,Patchy rain nearby
Long An,10.536,106.4052,2026-05-25 02:00:00,WeatherAPI,27.2,84,76,0.03,84,10000.0,8.3,13.0,1063,Patchy rain nearby
Long An,10.536,106.4052,2026-05-25 03:00:00,WeatherAPI,26.9,85,0,0.0,36,10000.0,7.9,12.4,1003,Partly Cloudy
Long An,10.536,106.4052,2026-05-25 04:00:00,WeatherAPI,26.7,86,0,0.0,34,10000.0,6.1,9.9,1003,Partly Cloudy
Long An,10.536,106.4052,2026-05-25 05:00:00,WeatherAPI,26.8,86,0,0.0,30,10000.0,5.4,8.7,1003,Partly Cloudy
Long An,10.536,106.4052,2026-05-25 06:00:00,WeatherAPI,26.9,86,0,0.0,37,10000.0,5.4,8.3,1003,Partly Cloudy
Long An,10.536,106.4052,2026-05-25 07:00:00,WeatherAPI,28.2,79,0,0.0,30,10000.0,9.4,12.1,1003,Partly Cloudy
Long An,10.536,106.4052,2026-05-25 08:00:00,WeatherAPI,29.9,71,0,0.0,30,10000.0,10.1,11.7,1003,Partly Cloudy
Long An,10.536,106.4052,2026-05-25 09:00:00,WeatherAPI,31.5,63,0,0.0,43,10000.0,11.2,12.9,1003,Partly Cloudy
Long An,10.536,106.4052,2026-05-25 10:00:00,WeatherAPI,32.9,56,0,0.0,42,10000.0,12.2,14.1,1003,Partly Cloudy
Long An,10.536,106.4052,2026-05-25 11:00:00,WeatherAPI,34.2,51,0,0.0,84,10000.0,11.2,12.9,1006,Cloudy
Long An,10.536,106.4052,2026-05-25 12:00:00,WeatherAPI,35.4,46,0,0.0,55,9000.0,10.4,12.0,1087,Thundery outbreaks in nearby
Long An,10.536,106.4052,2026-05-25 13:00:00,WeatherAPI,36.5,42,0,0.0,83,10000.0,10.1,11.6,1006,Cloudy
Long An,10.536,106.4052,2026-05-25 14:00:00,WeatherAPI,37.1,39,0,0.0,48,10000.0,9.4,10.8,1003,Partly Cloudy
Long An,10.536,106.4052,2026-05-25 15:00:00,WeatherAPI,35.6,44,100,0.21,76,5000.0,9.4,12.1,1150,Patchy light drizzle
Long An,10.536,106.4052,2026-05-25 16:00:00,WeatherAPI,37.2,51,0,0.0,50,8000.0,11.5,16.7,1273,Patchy light rain with thunder
Long An,10.536,106.4052,2026-05-25 17:00:00,WeatherAPI,32.0,59,0,0.0,44,9000.0,8.3,12.3,1087,Thundery outbreaks in nearby
Long An,10.536,106.4052,2026-05-25 18:00:00,WeatherAPI,31.8,60,0,0.0,24,10000.0,7.2,11.1,1000,Sunny
Long An,10.536,106.4052,2026-05-25 19:00:00,WeatherAPI,31.3,62,65,0.01,88,10000.0,8.6,13.7,1063,Patchy rain nearby
Long An,10.536,106.4052,2026-05-25 20:00:00,WeatherAPI,30.8,63,60,0.01,87,10000.0,10.8,16.2,1063,Patchy rain nearby
Long An,10.536,106.4052,2026-05-25 21:00:00,WeatherAPI,30.0,67,0,0.0,25,10000.0,11.9,17.3,1003,Partly Cloudy
Long An,10.536,106.4052,2026-05-25 22:00:00,WeatherAPI,29.4,70,83,0.01,80,10000.0,11.5,16.6,1063,Patchy rain nearby
Long An,10.536,106.4052,2026-05-25 23:00:00,WeatherAPI,29.0,72,0,0.0,25,10000.0,11.9,17.4,1003,Partly Cloudy
Long An,10.536,106.4052,2026-05-26 00:00:00,WeatherAPI,28.6,75,0,0.0,24,10000.0,12.2,17.7,1000,Clear
Long An,10.536,106.4052,2026-05-26 01:00:00,WeatherAPI,28.2,78,0,0.0,21,10000.0,12.6,18.3,1000,Clear
Long An,10.536,106.4052,2026-05-26 02:00:00,WeatherAPI,27.8,80,100,1.21,73,9000.0,11.5,17.6,1180,Patchy light rain
Long An,10.536,106.4052,2026-05-26 03:00:00,WeatherAPI,27.6,80,100,0.27,53,10000.0,11.5,17.7,1240,Light rain shower
Long An,10.536,106.4052,2026-05-26 04:00:00,WeatherAPI,27.5,81,100,0.11,82,10000.0,11.5,17.6,1063,Patchy rain nearby
Long An,10.536,106.4052,2026-05-26 05:00:00,WeatherAPI,27.6,82,0,0.0,27,10000.0,10.8,16.3,1003,Partly Cloudy
Long An,10.536,106.4052,2026-05-26 06:00:00,WeatherAPI,27.7,82,0,0.0,28,10000.0,9.7,14.2,1003,Partly Cloudy
Long An,10.536,106.4052,2026-05-26 07:00:00,WeatherAPI,28.4,78,0,0.0,24,10000.0,12.6,17.5,1000,Sunny
Long An,10.536,106.4052,2026-05-26 08:00:00,WeatherAPI,29.8,72,0,0.0,29,10000.0,15.8,19.6,1003,Partly Cloudy
Long An,10.536,106.4052,2026-05-26 09:00:00,WeatherAPI,31.6,61,0,0.0,28,10000.0,17.6,20.3,1003,Partly Cloudy
Long An,10.536,106.4052,2026-05-26 10:00:00,WeatherAPI,33.0,55,0,0.0,24,10000.0,18.0,20.7,1000,Sunny
Long An,10.536,106.4052,2026-05-26 11:00:00,WeatherAPI,34.1,50,0,0.0,33,10000.0,16.9,19.5,1003,Partly Cloudy
Long An,10.536,106.4052,2026-05-26 12:00:00,WeatherAPI,35.4,45,0,0.0,45,10000.0,16.2,18.6,1003,Partly Cloudy
Long An,10.536,106.4052,2026-05-26 13:00:00,WeatherAPI,36.2,42,0,0.0,96,10000.0,16.9,19.5,1009,Overcast
Long An,10.536,106.4052,2026-05-26 14:00:00,WeatherAPI,36.2,41,100,0.06,78,10000.0,17.3,19.9,1063,Patchy rain nearby
Long An,10.536,106.4052,2026-05-26 15:00:00,WeatherAPI,35.1,44,60,0.01,75,10000.0,14.8,20.0,1063,Patchy rain nearby
Long An,10.536,106.4052,2026-05-26 16:00:00,WeatherAPI,34.0,49,0,0.0,43,10000.0,13.0,19.0,1003,Partly Cloudy
Long An,10.536,106.4052,2026-05-26 17:00:00,WeatherAPI,33.1,53,0,0.0,39,10000.0,14.4,21.8,1003,Partly Cloudy
Long An,10.536,106.4052,2026-05-26 18:00:00,WeatherAPI,31.9,57,0,0.0,18,10000.0,18.7,27.9,1000,Sunny
Long An,10.536,106.4052,2026-05-26 19:00:00,WeatherAPI,30.7,62,0,0.0,20,10000.0,19.8,29.4,1000,Clear
Long An,10.536,106.4052,2026-05-26 20:00:00,WeatherAPI,29.7,66,0,0.0,21,10000.0,19.4,28.8,1000,Clear
Long An,10.536,106.4052,2026-05-26 21:00:00,WeatherAPI,29.3,69,0,0.0,24,10000.0,18.0,26.5,1000,Clear
Long An,10.536,106.4052,2026-05-26 22:00:00,WeatherAPI,29.1,71,0,0.0,27,10000.0,18.0,26.2,1003,Partly Cloudy
Long An,10.536,106.4052,2026-05-26 23:00:00,WeatherAPI,28.9,74,0,0.0,27,10000.0,17.6,25.3,1003,Partly Cloudy
Long An,10.536,106.4052,2026-05-27 00:00:00,WeatherAPI,28.8,74,0,0.0,29,10000.0,15.8,22.9,1003,Partly Cloudy
Long An,10.536,106.4052,2026-05-27 01:00:00,WeatherAPI,28.5,75,0,0.0,25,10000.0,13.7,19.9,1000,Clear
Long An,10.536,106.4052,2026-05-27 02:00:00,WeatherAPI,27.9,78,0,0.0,20,10000.0,13.7,20.6,1000,Clear
Long An,10.536,106.4052,2026-05-27 03:00:00,WeatherAPI,27.7,79,0,0.0,21,10000.0,11.5,17.3,1000,Clear
Long An,10.536,106.4052,2026-05-27 04:00:00,WeatherAPI,27.5,81,0,0.0,21,10000.0,10.8,16.3,1000,Clear
Long An,10.536,106.4052,2026-05-27 05:00:00,WeatherAPI,27.4,82,0,0.0,25,10000.0,8.3,12.5,1000,Clear
Long An,10.536,106.4052,2026-05-27 06:00:00,WeatherAPI,27.4,83,0,0.0,24,10000.0,7.6,11.3,1000,Sunny
Long An,10.536,106.4052,2026-05-27 07:00:00,WeatherAPI,28.7,77,0,0.0,15,10000.0,12.2,15.8,1000,Sunny
Long An,10.536,106.4052,2026-05-27 08:00:00,WeatherAPI,30.3,69,0,0.0,20,10000.0,15.1,17.5,1000,Sunny
Long An,10.536,106.4052,2026-05-27 09:00:00,WeatherAPI,32.0,61,0,0.0,64,10000.0,16.9,19.5,1006,Cloudy
Long An,10.536,106.4052,2026-05-27 10:00:00,WeatherAPI,33.9,53,0,0.0,77,10000.0,16.2,18.6,1006,Cloudy
Long An,10.536,106.4052,2026-05-27 11:00:00,WeatherAPI,35.7,46,0,0.0,59,10000.0,15.5,17.8,1003,Partly Cloudy
Long An,10.536,106.4052,2026-05-27 12:00:00,WeatherAPI,36.6,42,0,0.0,100,10000.0,16.9,19.5,1009,Overcast
Long An,10.536,106.4052,2026-05-27 13:00:00,WeatherAPI,35.3,46,100,0.09,54,10000.0,20.2,23.2,1063,Patchy rain nearby
Long An,10.536,106.4052,2026-05-27 14:00:00,WeatherAPI,33.5,53,69,0.05,87,10000.0,22.3,27.6,1063,Patchy rain nearby
Long An,10.536,106.4052,2026-05-27 15:00:00,WeatherAPI,34.2,51,0,0.0,32,9000.0,22.0,25.3,1087,Thundery outbreaks in nearby
Long An,10.536,106.4052,2026-05-27 16:00:00,WeatherAPI,34.1,50,0,0.0,30,10000.0,20.2,24.7,1003,Partly Cloudy
Long An,10.536,106.4052,2026-05-27 17:00:00,WeatherAPI,33.8,52,0,0.0,29,10000.0,17.3,23.4,1003,Partly Cloudy
Long An,10.536,106.4052,2026-05-27 18:00:00,WeatherAPI,32.4,56,0,0.0,26,10000.0,18.7,27.7,1003,Partly Cloudy
Long An,10.536,106.4052,2026-05-27 19:00:00,WeatherAPI,31.3,60,76,0.03,77,10000.0,17.3,25.3,1063,Patchy rain nearby
Long An,10.536,106.4052,2026-05-27 20:00:00,WeatherAPI,30.1,66,100,0.3,73,9000.0,20.5,30.4,1063,Patchy rain nearby
Long An,10.536,106.4052,2026-05-27 21:00:00,WeatherAPI,29.5,70,0,0.0,24,10000.0,17.3,25.1,1000,Clear
Long An,10.536,106.4052,2026-05-27 22:00:00,WeatherAPI,28.8,74,0,0.0,21,10000.0,17.6,25.3,1000,Clear
Long An,10.536,106.4052,2026-05-27 23:00:00,WeatherAPI,28.3,78,0,0.0,22,10000.0,15.8,22.5,1000,Clear
Tien Giang,10.3598,106.3567,2026-05-25 00:00:00,WeatherAPI,26.4,88,100,1.56,71,9000.0,6.5,11.9,1063,Patchy rain nearby
Tien Giang,10.3598,106.3567,2026-05-25 01:00:00,WeatherAPI,25.9,91,100,0.47,75,9000.0,7.2,13.5,1063,Patchy rain nearby
Tien Giang,10.3598,106.3567,2026-05-25 02:00:00,WeatherAPI,26.1,91,0,0.0,35,10000.0,7.6,13.6,1003,Partly Cloudy
Tien Giang,10.3598,106.3567,2026-05-25 03:00:00,WeatherAPI,26.0,92,0,0.0,34,10000.0,6.8,12.5,1003,Partly Cloudy
Tien Giang,10.3598,106.3567,2026-05-25 04:00:00,WeatherAPI,25.9,92,0,0.0,30,10000.0,6.1,11.4,1003,Partly Cloudy
Tien Giang,10.3598,106.3567,2026-05-25 05:00:00,WeatherAPI,25.8,92,0,0.0,30,10000.0,5.8,10.6,1003,Partly Cloudy
Tien Giang,10.3598,106.3567,2026-05-25 06:00:00,WeatherAPI,26.0,91,0,0.0,14,10000.0,5.0,8.8,1000,Sunny
Tien Giang,10.3598,106.3567,2026-05-25 07:00:00,WeatherAPI,27.6,84,0,0.0,15,10000.0,7.6,10.5,1000,Sunny
Tien Giang,10.3598,106.3567,2026-05-25 08:00:00,WeatherAPI,29.5,75,0,0.0,19,10000.0,10.1,12.2,1000,Sunny
Tien Giang,10.3598,106.3567,2026-05-25 09:00:00,WeatherAPI,31.4,64,0,0.0,29,10000.0,10.4,12.0,1003,Partly Cloudy
Tien Giang,10.3598,106.3567,2026-05-25 10:00:00,WeatherAPI,33.2,55,0,0.0,26,10000.0,10.1,11.6,1003,Partly Cloudy
Tien Giang,10.3598,106.3567,2026-05-25 11:00:00,WeatherAPI,34.6,49,0,0.0,43,10000.0,10.1,11.6,1003,Partly Cloudy
Tien Giang,10.3598,106.3567,2026-05-25 12:00:00,WeatherAPI,35.8,45,0,0.0,36,10000.0,9.7,11.2,1003,Partly Cloudy
Tien Giang,10.3598,106.3567,2026-05-25 13:00:00,WeatherAPI,36.9,41,0,0.0,70,10000.0,9.0,10.4,1006,Cloudy
Tien Giang,10.3598,106.3567,2026-05-25 14:00:00,WeatherAPI,36.4,42,100,0.83,63,9000.0,10.1,11.6,1180,Patchy light rain
Tien Giang,10.3598,106.3567,2026-05-25 15:00:00,WeatherAPI,33.2,54,86,0.05,78,9000.0,11.9,18.4,1087,Thundery outbreaks in nearby
Tien Giang,10.3598,106.3567,2026-05-25 16:00:00,WeatherAPI,37.2,51,0,0.0,50,8000.0,8.3,14.4,1273,Patchy light rain with thunder
Tien Giang,10.3598,106.3567,2026-05-25 17:00:00,WeatherAPI,31.7,61,0,0.0,31,9000.0,7.9,13.4,1087,Thundery outbreaks in nearby
Tien Giang,10.3598,106.3567,2026-05-25 18:00:00,WeatherAPI,31.0,63,0,0.0,25,10000.0,9.7,17.0,1003,Partly Cloudy
Tien Giang,10.3598,106.3567,2026-05-25 19:00:00,WeatherAPI,30.0,66,0,0.0,25,10000.0,10.8,19.0,1000,Clear
Tien Giang,10.3598,106.3567,2026-05-25 20:00:00,WeatherAPI,29.2,69,0,0.0,25,10000.0,11.5,19.3,1003,Partly Cloudy
Tien Giang,10.3598,106.3567,2026-05-25 21:00:00,WeatherAPI,28.5,74,0,0.0,28,10000.0,10.8,17.7,1003,Partly Cloudy
Tien Giang,10.3598,106.3567,2026-05-25 22:00:00,WeatherAPI,28.1,77,66,0.01,87,10000.0,10.1,16.5,1063,Patchy rain nearby
Tien Giang,10.3598,106.3567,2026-05-25 23:00:00,WeatherAPI,27.6,81,0,0.0,31,10000.0,9.4,15.6,1003,Partly Cloudy
Tien Giang,10.3598,106.3567,2026-05-26 00:00:00,WeatherAPI,27.4,83,0,0.0,29,10000.0,10.1,16.3,1003,Partly Cloudy
Tien Giang,10.3598,106.3567,2026-05-26 01:00:00,WeatherAPI,27.1,84,100,0.06,80,10000.0,9.7,15.4,1063,Patchy rain nearby
Tien Giang,10.3598,106.3567,2026-05-26 02:00:00,WeatherAPI,26.7,86,0,0.0,44,10000.0,9.4,15.3,1003,Partly Cloudy
Tien Giang,10.3598,106.3567,2026-05-26 03:00:00,WeatherAPI,26.7,86,68,0.03,79,10000.0,9.7,15.6,1063,Patchy rain nearby
Tien Giang,10.3598,106.3567,2026-05-26 04:00:00,WeatherAPI,26.8,86,0,0.0,41,10000.0,9.4,14.9,1003,Partly Cloudy
Tien Giang,10.3598,106.3567,2026-05-26 05:00:00,WeatherAPI,26.9,86,100,0.19,77,9000.0,9.4,14.9,1063,Patchy rain nearby
Tien Giang,10.3598,106.3567,2026-05-26 06:00:00,WeatherAPI,26.5,88,100,1.67,72,9000.0,8.3,14.1,1063,Patchy rain nearby
Tien Giang,10.3598,106.3567,2026-05-26 07:00:00,WeatherAPI,27.6,84,100,0.2,84,9000.0,10.4,15.8,1063,Patchy rain nearby
Tien Giang,10.3598,106.3567,2026-05-26 08:00:00,WeatherAPI,29.0,78,0,0.0,18,10000.0,13.7,17.9,1000,Sunny
Tien Giang,10.3598,106.3567,2026-05-26 09:00:00,WeatherAPI,30.9,67,0,0.0,30,10000.0,16.2,18.7,1003,Partly Cloudy
Tien Giang,10.3598,106.3567,2026-05-26 10:00:00,WeatherAPI,32.7,57,0,0.0,32,10000.0,16.6,19.0,1003,Partly Cloudy
Tien Giang,10.3598,106.3567,2026-05-26 11:00:00,WeatherAPI,34.2,51,0,0.0,53,10000.0,16.2,18.6,1003,Partly Cloudy
Tien Giang,10.3598,106.3567,2026-05-26 12:00:00,WeatherAPI,35.4,46,0,0.0,52,10000.0,16.6,19.0,1003,Partly Cloudy
Tien Giang,10.3598,106.3567,2026-05-26 13:00:00,WeatherAPI,36.1,43,0,0.0,100,10000.0,16.2,18.6,1009,Overcast
Tien Giang,10.3598,106.3567,2026-05-26 14:00:00,WeatherAPI,35.3,45,0,0.0,47,10000.0,15.1,18.9,1003,Partly Cloudy
Tien Giang,10.3598,106.3567,2026-05-26 15:00:00,WeatherAPI,33.2,52,0,0.0,47,10000.0,12.6,20.0,1003,Partly Cloudy
Tien Giang,10.3598,106.3567,2026-05-26 16:00:00,WeatherAPI,33.5,52,0,0.0,45,10000.0,14.0,20.6,1003,Partly Cloudy
Tien Giang,10.3598,106.3567,2026-05-26 17:00:00,WeatherAPI,32.3,56,0,0.0,30,10000.0,15.5,23.8,1003,Partly Cloudy
Tien Giang,10.3598,106.3567,2026-05-26 18:00:00,WeatherAPI,30.7,62,0,0.0,19,10000.0,16.2,26.2,1000,Sunny
Tien Giang,10.3598,106.3567,2026-05-26 19:00:00,WeatherAPI,29.8,65,0,0.0,21,10000.0,17.3,27.8,1000,Clear
Tien Giang,10.3598,106.3567,2026-05-26 20:00:00,WeatherAPI,29.2,69,0,0.0,24,10000.0,16.2,25.1,1000,Clear
Tien Giang,10.3598,106.3567,2026-05-26 21:00:00,WeatherAPI,28.8,72,64,0.01,81,10000.0,16.2,24.9,1063,Patchy rain nearby
Tien Giang,10.3598,106.3567,2026-05-26 22:00:00,WeatherAPI,28.6,74,85,0.02,85,10000.0,15.8,24.1,1063,Patchy rain nearby
Tien Giang,10.3598,106.3567,2026-05-26 23:00:00,WeatherAPI,28.3,77,0,0.0,25,10000.0,14.4,21.9,1003,Partly Cloudy
Tien Giang,10.3598,106.3567,2026-05-27 00:00:00,WeatherAPI,28.1,78,0,0.0,23,10000.0,14.4,22.1,1000,Clear
Tien Giang,10.3598,106.3567,2026-05-27 01:00:00,WeatherAPI,27.7,80,0,0.0,23,10000.0,13.3,20.8,1000,Clear
Tien Giang,10.3598,106.3567,2026-05-27 02:00:00,WeatherAPI,27.4,82,0,0.0,21,10000.0,13.3,21.0,1000,Clear
Tien Giang,10.3598,106.3567,2026-05-27 03:00:00,WeatherAPI,27.2,84,100,0.06,70,10000.0,11.9,18.6,1063,Patchy rain nearby
Tien Giang,10.3598,106.3567,2026-05-27 04:00:00,WeatherAPI,27.0,85,0,0.0,12,10000.0,9.7,15.6,1000,Clear
Tien Giang,10.3598,106.3567,2026-05-27 05:00:00,WeatherAPI,26.8,86,0,0.0,16,10000.0,8.6,14.0,1000,Clear
Tien Giang,10.3598,106.3567,2026-05-27 06:00:00,WeatherAPI,26.4,89,100,0.4,83,9000.0,6.1,10.2,1063,Patchy rain nearby
Tien Giang,10.3598,106.3567,2026-05-27 07:00:00,WeatherAPI,27.7,83,0,0.0,14,10000.0,10.4,14.3,1000,Sunny
Tien Giang,10.3598,106.3567,2026-05-27 08:00:00,WeatherAPI,29.4,76,0,0.0,25,10000.0,13.7,16.7,1000,Sunny
Tien Giang,10.3598,106.3567,2026-05-27 09:00:00,WeatherAPI,31.4,66,0,0.0,38,10000.0,15.8,18.2,1003,Partly Cloudy
Tien Giang,10.3598,106.3567,2026-05-27 10:00:00,WeatherAPI,33.6,55,70,0.01,53,9000.0,15.1,17.4,1087,Thundery outbreaks in nearby
Tien Giang,10.3598,106.3567,2026-05-27 11:00:00,WeatherAPI,34.5,52,100,0.33,79,10000.0,15.1,18.2,1240,Light rain shower
Tien Giang,10.3598,106.3567,2026-05-27 12:00:00,WeatherAPI,34.3,52,100,0.52,53,10000.0,15.8,20.3,1240,Light rain shower
Tien Giang,10.3598,106.3567,2026-05-27 13:00:00,WeatherAPI,33.9,53,0,0.0,37,9000.0,16.2,20.4,1087,Thundery outbreaks in nearby
Tien Giang,10.3598,106.3567,2026-05-27 14:00:00,WeatherAPI,33.3,56,0,0.0,33,9000.0,17.3,20.5,1087,Thundery outbreaks in nearby
Tien Giang,10.3598,106.3567,2026-05-27 15:00:00,WeatherAPI,33.7,53,0,0.0,51,9000.0,16.6,19.8,1087,Thundery outbreaks in nearby
Tien Giang,10.3598,106.3567,2026-05-27 16:00:00,WeatherAPI,33.7,53,0,0.0,35,9000.0,15.5,20.3,1087,Thundery outbreaks in nearby
Tien Giang,10.3598,106.3567,2026-05-27 17:00:00,WeatherAPI,32.9,55,0,0.0,40,10000.0,15.5,22.5,1003,Partly Cloudy
Tien Giang,10.3598,106.3567,2026-05-27 18:00:00,WeatherAPI,31.1,61,0,0.0,37,10000.0,16.9,26.9,1003,Partly Cloudy
Tien Giang,10.3598,106.3567,2026-05-27 19:00:00,WeatherAPI,30.1,66,69,0.04,89,10000.0,15.8,25.3,1063,Patchy rain nearby
Tien Giang,10.3598,106.3567,2026-05-27 20:00:00,WeatherAPI,28.7,74,0,0.0,35,10000.0,16.2,26.9,1003,Partly Cloudy
Tien Giang,10.3598,106.3567,2026-05-27 21:00:00,WeatherAPI,28.0,78,0,0.0,26,10000.0,14.0,22.6,1003,Partly Cloudy
Tien Giang,10.3598,106.3567,2026-05-27 22:00:00,WeatherAPI,27.5,82,0,0.0,23,10000.0,14.0,22.1,1000,Clear
Tien Giang,10.3598,106.3567,2026-05-27 23:00:00,WeatherAPI,27.3,84,0,0.0,29,10000.0,12.6,19.7,1003,Partly Cloudy
An Giang,10.5216,105.1259,2026-05-25 00:00:00,WeatherAPI,29.6,71,0,0.0,27,10000.0,19.4,27.1,1003,Partly Cloudy
An Giang,10.5216,105.1259,2026-05-25 01:00:00,WeatherAPI,29.4,72,0,0.0,29,10000.0,18.4,25.9,1003,Partly Cloudy
An Giang,10.5216,105.1259,2026-05-25 02:00:00,WeatherAPI,29.2,73,0,0.0,31,10000.0,16.6,23.4,1003,Partly Cloudy
An Giang,10.5216,105.1259,2026-05-25 03:00:00,WeatherAPI,29.1,74,0,0.0,26,10000.0,14.4,20.6,1003,Partly Cloudy
An Giang,10.5216,105.1259,2026-05-25 04:00:00,WeatherAPI,29.0,74,0,0.0,27,10000.0,14.0,20.3,1003,Partly Cloudy
An Giang,10.5216,105.1259,2026-05-25 05:00:00,WeatherAPI,29.0,74,0,0.0,31,10000.0,14.4,20.7,1003,Partly Cloudy
An Giang,10.5216,105.1259,2026-05-25 06:00:00,WeatherAPI,28.9,74,0,0.0,35,10000.0,15.1,21.7,1003,Partly Cloudy
An Giang,10.5216,105.1259,2026-05-25 07:00:00,WeatherAPI,29.6,72,0,0.0,31,10000.0,17.6,22.8,1003,Partly Cloudy
An Giang,10.5216,105.1259,2026-05-25 08:00:00,WeatherAPI,31.1,63,0,0.0,38,10000.0,14.8,17.0,1003,Partly Cloudy
An Giang,10.5216,105.1259,2026-05-25 09:00:00,WeatherAPI,32.7,55,0,0.0,23,10000.0,10.8,12.4,1000,Sunny
An Giang,10.5216,105.1259,2026-05-25 10:00:00,WeatherAPI,34.1,50,0,0.0,19,10000.0,8.3,9.5,1000,Sunny
An Giang,10.5216,105.1259,2026-05-25 11:00:00,WeatherAPI,35.5,45,0,0.0,18,10000.0,9.4,10.8,1000,Sunny
An Giang,10.5216,105.1259,2026-05-25 12:00:00,WeatherAPI,36.5,42,0,0.0,21,10000.0,10.1,11.6,1000,Sunny
An Giang,10.5216,105.1259,2026-05-25 13:00:00,WeatherAPI,37.3,39,0,0.0,46,10000.0,11.5,13.2,1003,Partly Cloudy
An Giang,10.5216,105.1259,2026-05-25 14:00:00,WeatherAPI,37.6,37,100,0.06,84,10000.0,13.7,15.7,1063,Patchy rain nearby
An Giang,10.5216,105.1259,2026-05-25 15:00:00,WeatherAPI,36.0,44,100,0.05,85,9000.0,24.5,28.8,1087,Thundery outbreaks in nearby
An Giang,10.5216,105.1259,2026-05-25 16:00:00,WeatherAPI,33.5,52,0,0.0,41,9000.0,27.0,36.4,1087,Thundery outbreaks in nearby
An Giang,10.5216,105.1259,2026-05-25 17:00:00,WeatherAPI,33.5,51,0,0.0,31,10000.0,24.1,32.3,1003,Partly Cloudy
An Giang,10.5216,105.1259,2026-05-25 18:00:00,WeatherAPI,32.2,56,0,0.0,23,10000.0,23.4,32.3,1000,Sunny
An Giang,10.5216,105.1259,2026-05-25 19:00:00,WeatherAPI,31.1,61,0,0.0,18,10000.0,22.3,30.9,1000,Clear
An Giang,10.5216,105.1259,2026-05-25 20:00:00,WeatherAPI,30.7,62,0,0.0,16,10000.0,18.7,26.4,1000,Clear
An Giang,10.5216,105.1259,2026-05-25 21:00:00,WeatherAPI,30.1,65,0,0.0,18,10000.0,16.2,23.2,1000,Clear
An Giang,10.5216,105.1259,2026-05-25 22:00:00,WeatherAPI,29.6,68,0,0.0,20,10000.0,15.1,21.6,1000,Clear
An Giang,10.5216,105.1259,2026-05-25 23:00:00,WeatherAPI,29.2,70,0,0.0,22,10000.0,16.2,23.0,1000,Clear
An Giang,10.5216,105.1259,2026-05-26 00:00:00,WeatherAPI,28.8,73,0,0.0,21,10000.0,17.3,24.9,1000,Clear
An Giang,10.5216,105.1259,2026-05-26 01:00:00,WeatherAPI,28.5,75,0,0.0,19,10000.0,16.2,23.5,1000,Clear
An Giang,10.5216,105.1259,2026-05-26 02:00:00,WeatherAPI,28.3,76,0,0.0,15,10000.0,14.8,21.8,1000,Clear
An Giang,10.5216,105.1259,2026-05-26 03:00:00,WeatherAPI,28.2,76,0,0.0,12,10000.0,15.1,22.6,1000,Clear
An Giang,10.5216,105.1259,2026-05-26 04:00:00,WeatherAPI,28.0,77,0,0.0,10,10000.0,15.8,23.8,1000,Clear
An Giang,10.5216,105.1259,2026-05-26 05:00:00,WeatherAPI,27.9,78,0,0.0,14,10000.0,15.5,23.4,1000,Clear
An Giang,10.5216,105.1259,2026-05-26 06:00:00,WeatherAPI,27.9,78,0,0.0,12,10000.0,13.3,20.1,1000,Sunny
An Giang,10.5216,105.1259,2026-05-26 07:00:00,WeatherAPI,29.3,71,0,0.0,15,10000.0,17.6,22.3,1000,Sunny
An Giang,10.5216,105.1259,2026-05-26 08:00:00,WeatherAPI,30.9,63,0,0.0,15,10000.0,17.6,20.3,1000,Sunny
An Giang,10.5216,105.1259,2026-05-26 09:00:00,WeatherAPI,32.6,55,0,0.0,22,10000.0,16.6,19.0,1000,Sunny
An Giang,10.5216,105.1259,2026-05-26 10:00:00,WeatherAPI,34.1,49,0,0.0,15,10000.0,16.9,19.5,1000,Sunny
An Giang,10.5216,105.1259,2026-05-26 11:00:00,WeatherAPI,35.5,45,0,0.0,36,10000.0,16.9,19.5,1003,Partly Cloudy
An Giang,10.5216,105.1259,2026-05-26 12:00:00,WeatherAPI,36.8,40,0,0.0,53,10000.0,15.8,18.2,1003,Partly Cloudy
An Giang,10.5216,105.1259,2026-05-26 13:00:00,WeatherAPI,37.9,36,0,0.0,47,10000.0,16.2,18.6,1003,Partly Cloudy
An Giang,10.5216,105.1259,2026-05-26 14:00:00,WeatherAPI,37.2,38,100,0.53,72,9000.0,19.4,22.4,1063,Patchy rain nearby
An Giang,10.5216,105.1259,2026-05-26 15:00:00,WeatherAPI,34.8,46,0,0.0,41,10000.0,24.8,33.0,1003,Partly Cloudy
An Giang,10.5216,105.1259,2026-05-26 16:00:00,WeatherAPI,33.6,49,0,0.0,29,10000.0,27.4,38.3,1003,Partly Cloudy
An Giang,10.5216,105.1259,2026-05-26 17:00:00,WeatherAPI,33.5,49,0,0.0,35,10000.0,27.0,37.8,1003,Partly Cloudy
An Giang,10.5216,105.1259,2026-05-26 18:00:00,WeatherAPI,32.6,53,0,0.0,47,10000.0,23.4,33.8,1003,Partly Cloudy
An Giang,10.5216,105.1259,2026-05-26 19:00:00,WeatherAPI,31.6,57,0,0.0,24,10000.0,21.6,31.1,1000,Clear
An Giang,10.5216,105.1259,2026-05-26 20:00:00,WeatherAPI,30.6,63,0,0.0,21,10000.0,18.7,27.1,1000,Clear
An Giang,10.5216,105.1259,2026-05-26 21:00:00,WeatherAPI,29.7,68,0,0.0,21,10000.0,17.3,25.5,1000,Clear
An Giang,10.5216,105.1259,2026-05-26 22:00:00,WeatherAPI,29.2,70,0,0.0,14,10000.0,16.6,24.4,1000,Clear
An Giang,10.5216,105.1259,2026-05-26 23:00:00,WeatherAPI,28.8,73,0,0.0,16,10000.0,14.8,22.1,1000,Clear
An Giang,10.5216,105.1259,2026-05-27 00:00:00,WeatherAPI,28.4,75,0,0.0,15,10000.0,13.0,19.6,1000,Clear
An Giang,10.5216,105.1259,2026-05-27 01:00:00,WeatherAPI,28.1,77,0,0.0,14,10000.0,14.4,21.8,1000,Clear
An Giang,10.5216,105.1259,2026-05-27 02:00:00,WeatherAPI,27.9,78,0,0.0,16,10000.0,14.4,21.8,1000,Clear
An Giang,10.5216,105.1259,2026-05-27 03:00:00,WeatherAPI,27.7,79,0,0.0,18,10000.0,13.3,20.6,1000,Clear
An Giang,10.5216,105.1259,2026-05-27 04:00:00,WeatherAPI,27.5,80,0,0.0,17,10000.0,11.5,18.1,1000,Clear
An Giang,10.5216,105.1259,2026-05-27 05:00:00,WeatherAPI,27.4,81,0,0.0,19,10000.0,10.1,16.1,1000,Clear
An Giang,10.5216,105.1259,2026-05-27 06:00:00,WeatherAPI,27.6,80,0,0.0,21,10000.0,10.1,15.7,1000,Sunny
An Giang,10.5216,105.1259,2026-05-27 07:00:00,WeatherAPI,29.3,72,0,0.0,34,10000.0,14.4,18.4,1003,Partly Cloudy
An Giang,10.5216,105.1259,2026-05-27 08:00:00,WeatherAPI,31.0,63,0,0.0,54,10000.0,16.9,19.5,1003,Partly Cloudy
An Giang,10.5216,105.1259,2026-05-27 09:00:00,WeatherAPI,32.7,56,0,0.0,35,10000.0,16.9,19.5,1003,Partly Cloudy
An Giang,10.5216,105.1259,2026-05-27 10:00:00,WeatherAPI,34.3,50,0,0.0,61,10000.0,17.3,19.9,1003,Partly Cloudy
An Giang,10.5216,105.1259,2026-05-27 11:00:00,WeatherAPI,35.5,46,0,0.0,74,9000.0,16.2,18.6,1087,Thundery outbreaks in nearby
An Giang,10.5216,105.1259,2026-05-27 12:00:00,WeatherAPI,36.2,44,100,0.12,100,9000.0,15.5,17.8,1087,Thundery outbreaks in nearby
An Giang,10.5216,105.1259,2026-05-27 13:00:00,WeatherAPI,36.4,43,100,0.2,59,5000.0,18.7,21.5,1150,Patchy light drizzle
An Giang,10.5216,105.1259,2026-05-27 14:00:00,WeatherAPI,34.3,50,100,0.17,81,10000.0,25.6,29.8,1240,Light rain shower
An Giang,10.5216,105.1259,2026-05-27 15:00:00,WeatherAPI,33.5,53,0,0.0,46,9000.0,23.8,31.0,1087,Thundery outbreaks in nearby
An Giang,10.5216,105.1259,2026-05-27 16:00:00,WeatherAPI,34.2,50,100,0.13,74,9000.0,26.6,30.6,1087,Thundery outbreaks in nearby
An Giang,10.5216,105.1259,2026-05-27 17:00:00,WeatherAPI,33.1,54,100,0.22,59,5000.0,28.1,35.7,1150,Patchy light drizzle
An Giang,10.5216,105.1259,2026-05-27 18:00:00,WeatherAPI,30.5,66,100,3.49,84,7000.0,22.0,31.2,1189,Moderate rain
An Giang,10.5216,105.1259,2026-05-27 19:00:00,WeatherAPI,28.7,76,100,4.57,82,8000.0,15.5,22.6,1186,Moderate rain at times
An Giang,10.5216,105.1259,2026-05-27 20:00:00,WeatherAPI,28.7,77,0,0.0,21,10000.0,19.4,29.4,1000,Clear
An Giang,10.5216,105.1259,2026-05-27 21:00:00,WeatherAPI,28.9,76,0,0.0,20,10000.0,18.4,28.3,1000,Clear
An Giang,10.5216,105.1259,2026-05-27 22:00:00,WeatherAPI,28.7,77,0,0.0,14,10000.0,20.2,30.9,1000,Clear
An Giang,10.5216,105.1259,2026-05-27 23:00:00,WeatherAPI,28.4,78,0,0.0,12,10000.0,20.9,31.9,1000,Clear
Can Tho,10.0341,105.7878,2026-05-25 00:00:00,WeatherAPI,27.8,80,0,0.0,23,10000.0,11.5,18.0,1000,Clear
Can Tho,10.0341,105.7878,2026-05-25 01:00:00,WeatherAPI,27.4,82,100,0.16,74,9000.0,9.7,15.7,1063,Patchy rain nearby
Can Tho,10.0341,105.7878,2026-05-25 02:00:00,WeatherAPI,27.0,84,100,0.13,79,10000.0,8.3,14.0,1063,Patchy rain nearby
Can Tho,10.0341,105.7878,2026-05-25 03:00:00,WeatherAPI,26.7,85,0,0.0,25,10000.0,9.0,15.0,1003,Partly Cloudy
Can Tho,10.0341,105.7878,2026-05-25 04:00:00,WeatherAPI,26.7,86,0,0.0,25,10000.0,9.7,16.3,1000,Clear
Can Tho,10.0341,105.7878,2026-05-25 05:00:00,WeatherAPI,26.7,86,0,0.0,22,10000.0,9.0,15.0,1000,Clear
Can Tho,10.0341,105.7878,2026-05-25 06:00:00,WeatherAPI,26.8,86,0,0.0,22,10000.0,8.3,13.5,1000,Sunny
Can Tho,10.0341,105.7878,2026-05-25 07:00:00,WeatherAPI,28.4,78,0,0.0,16,10000.0,11.9,15.8,1000,Sunny
Can Tho,10.0341,105.7878,2026-05-25 08:00:00,WeatherAPI,30.6,66,0,0.0,21,10000.0,14.8,17.1,1000,Sunny
Can Tho,10.0341,105.7878,2026-05-25 09:00:00,WeatherAPI,32.4,57,0,0.0,23,10000.0,14.4,16.6,1000,Sunny
Can Tho,10.0341,105.7878,2026-05-25 10:00:00,WeatherAPI,33.9,51,0,0.0,30,10000.0,14.8,17.0,1003,Partly Cloudy
Can Tho,10.0341,105.7878,2026-05-25 11:00:00,WeatherAPI,35.2,47,0,0.0,71,10000.0,15.1,17.4,1006,Cloudy
Can Tho,10.0341,105.7878,2026-05-25 12:00:00,WeatherAPI,36.1,45,100,0.13,70,9000.0,18.0,20.7,1087,Thundery outbreaks in nearby
Can Tho,10.0341,105.7878,2026-05-25 13:00:00,WeatherAPI,34.9,48,100,0.13,84,10000.0,20.2,23.2,1063,Patchy rain nearby
Can Tho,10.0341,105.7878,2026-05-25 14:00:00,WeatherAPI,34.7,48,0,0.0,82,10000.0,18.7,22.8,1006,Cloudy
Can Tho,10.0341,105.7878,2026-05-25 15:00:00,WeatherAPI,34.9,47,0,0.0,34,10000.0,22.0,25.3,1003,Partly Cloudy
Can Tho,10.0341,105.7878,2026-05-25 16:00:00,WeatherAPI,34.1,49,0,0.0,16,10000.0,22.3,27.6,1000,Sunny
Can Tho,10.0341,105.7878,2026-05-25 17:00:00,WeatherAPI,33.1,52,0,0.0,14,10000.0,21.2,28.2,1000,Sunny
Can Tho,10.0341,105.7878,2026-05-25 18:00:00,WeatherAPI,31.0,60,0,0.0,20,10000.0,20.2,31.3,1000,Sunny
Can Tho,10.0341,105.7878,2026-05-25 19:00:00,WeatherAPI,29.9,67,0,0.0,23,10000.0,18.7,28.8,1000,Clear
Can Tho,10.0341,105.7878,2026-05-25 20:00:00,WeatherAPI,29.2,72,0,0.0,25,10000.0,17.3,26.2,1003,Partly Cloudy
Can Tho,10.0341,105.7878,2026-05-25 21:00:00,WeatherAPI,28.7,75,0,0.0,27,10000.0,16.6,25.4,1003,Partly Cloudy
Can Tho,10.0341,105.7878,2026-05-25 22:00:00,WeatherAPI,28.5,77,100,0.23,76,9000.0,15.1,23.2,1063,Patchy rain nearby
Can Tho,10.0341,105.7878,2026-05-25 23:00:00,WeatherAPI,27.4,83,0,0.0,29,10000.0,13.0,22.5,1003,Partly Cloudy
Can Tho,10.0341,105.7878,2026-05-26 00:00:00,WeatherAPI,27.4,84,100,0.2,81,9000.0,14.4,24.1,1063,Patchy rain nearby
Can Tho,10.0341,105.7878,2026-05-26 01:00:00,WeatherAPI,27.3,84,100,0.66,87,9000.0,15.8,26.6,1063,Patchy rain nearby
Can Tho,10.0341,105.7878,2026-05-26 02:00:00,WeatherAPI,27.2,84,100,0.17,85,9000.0,14.8,24.9,1063,Patchy rain nearby
Can Tho,10.0341,105.7878,2026-05-26 03:00:00,WeatherAPI,27.1,85,0,0.0,38,10000.0,14.0,23.6,1003,Partly Cloudy
Can Tho,10.0341,105.7878,2026-05-26 04:00:00,WeatherAPI,27.1,86,0,0.0,19,10000.0,13.0,21.8,1000,Clear
Can Tho,10.0341,105.7878,2026-05-26 05:00:00,WeatherAPI,27.0,86,0,0.0,31,10000.0,13.0,21.7,1003,Partly Cloudy
Can Tho,10.0341,105.7878,2026-05-26 06:00:00,WeatherAPI,26.7,87,100,0.81,74,9000.0,14.8,25.6,1063,Patchy rain nearby
Can Tho,10.0341,105.7878,2026-05-26 07:00:00,WeatherAPI,28.4,79,100,0.9,73,9000.0,17.3,28.4,1063,Patchy rain nearby
Can Tho,10.0341,105.7878,2026-05-26 08:00:00,WeatherAPI,30.1,71,0,0.0,31,10000.0,20.9,26.3,1003,Partly Cloudy
Can Tho,10.0341,105.7878,2026-05-26 09:00:00,WeatherAPI,31.7,63,0,0.0,50,10000.0,23.0,27.3,1003,Partly Cloudy
Can Tho,10.0341,105.7878,2026-05-26 10:00:00,WeatherAPI,33.2,55,0,0.0,21,10000.0,23.8,28.1,1000,Sunny
Can Tho,10.0341,105.7878,2026-05-26 11:00:00,WeatherAPI,34.2,51,0,0.0,65,10000.0,23.8,28.1,1006,Cloudy
Can Tho,10.0341,105.7878,2026-05-26 12:00:00,WeatherAPI,34.8,48,0,0.0,51,10000.0,24.8,29.4,1003,Partly Cloudy
Can Tho,10.0341,105.7878,2026-05-26 13:00:00,WeatherAPI,35.0,47,0,0.0,42,10000.0,25.2,29.8,1003,Partly Cloudy
Can Tho,10.0341,105.7878,2026-05-26 14:00:00,WeatherAPI,34.7,47,0,0.0,39,10000.0,25.6,29.4,1003,Partly Cloudy
Can Tho,10.0341,105.7878,2026-05-26 15:00:00,WeatherAPI,34.2,49,0,0.0,37,10000.0,25.6,29.4,1003,Partly Cloudy
Can Tho,10.0341,105.7878,2026-05-26 16:00:00,WeatherAPI,33.5,51,0,0.0,12,10000.0,24.5,28.4,1000,Sunny
Can Tho,10.0341,105.7878,2026-05-26 17:00:00,WeatherAPI,32.1,56,0,0.0,19,10000.0,23.8,31.2,1000,Sunny
Can Tho,10.0341,105.7878,2026-05-26 18:00:00,WeatherAPI,30.3,64,0,0.0,19,10000.0,22.7,34.0,1000,Sunny
Can Tho,10.0341,105.7878,2026-05-26 19:00:00,WeatherAPI,29.3,69,62,0.04,73,10000.0,21.6,32.8,1063,Patchy rain nearby
Can Tho,10.0341,105.7878,2026-05-26 20:00:00,WeatherAPI,29.0,73,0,0.0,30,10000.0,18.7,28.0,1003,Partly Cloudy
Can Tho,10.0341,105.7878,2026-05-26 21:00:00,WeatherAPI,28.6,75,0,0.0,42,10000.0,18.0,27.4,1003,Partly Cloudy
Can Tho,10.0341,105.7878,2026-05-26 22:00:00,WeatherAPI,28.4,77,100,0.87,85,9000.0,16.9,26.1,1063,Patchy rain nearby
Can Tho,10.0341,105.7878,2026-05-26 23:00:00,WeatherAPI,27.2,85,100,2.37,74,9000.0,14.4,25.7,1063,Patchy rain nearby
Can Tho,10.0341,105.7878,2026-05-27 00:00:00,WeatherAPI,26.9,87,100,3.5,81,7000.0,14.0,25.6,1243,Moderate or heavy rain shower
Can Tho,10.0341,105.7878,2026-05-27 01:00:00,WeatherAPI,27.2,86,0,0.0,37,10000.0,14.4,27.0,1003,Partly Cloudy
Can Tho,10.0341,105.7878,2026-05-27 02:00:00,WeatherAPI,27.1,86,100,0.73,71,9000.0,12.6,21.7,1063,Patchy rain nearby
Can Tho,10.0341,105.7878,2026-05-27 03:00:00,WeatherAPI,26.9,87,0,0.0,29,10000.0,11.9,20.4,1003,Partly Cloudy
Can Tho,10.0341,105.7878,2026-05-27 04:00:00,WeatherAPI,26.7,88,100,0.21,73,9000.0,10.8,18.8,1063,Patchy rain nearby
Can Tho,10.0341,105.7878,2026-05-27 05:00:00,WeatherAPI,25.7,91,100,1.49,88,9000.0,8.6,16.4,1063,Patchy rain nearby
Can Tho,10.0341,105.7878,2026-05-27 06:00:00,WeatherAPI,26.0,91,100,1.01,74,9000.0,9.0,16.3,1063,Patchy rain nearby
Can Tho,10.0341,105.7878,2026-05-27 07:00:00,WeatherAPI,27.9,84,100,0.18,87,9000.0,13.3,22.8,1063,Patchy rain nearby
Can Tho,10.0341,105.7878,2026-05-27 08:00:00,WeatherAPI,29.8,76,87,0.01,54,9000.0,18.7,24.3,1087,Thundery outbreaks in nearby
Can Tho,10.0341,105.7878,2026-05-27 09:00:00,WeatherAPI,31.4,67,86,0.02,78,9000.0,20.9,24.9,1087,Thundery outbreaks in nearby
Can Tho,10.0341,105.7878,2026-05-27 10:00:00,WeatherAPI,32.9,59,67,0.01,70,9000.0,22.0,25.3,1087,Thundery outbreaks in nearby
Can Tho,10.0341,105.7878,2026-05-27 11:00:00,WeatherAPI,33.2,57,100,0.52,98,2000.0,22.3,26.0,1153,Light drizzle
Can Tho,10.0341,105.7878,2026-05-27 12:00:00,WeatherAPI,32.3,60,100,0.45,77,10000.0,20.5,27.2,1240,Light rain shower
Can Tho,10.0341,105.7878,2026-05-27 13:00:00,WeatherAPI,32.4,59,100,0.45,72,10000.0,19.8,27.0,1240,Light rain shower
Can Tho,10.0341,105.7878,2026-05-27 14:00:00,WeatherAPI,33.1,55,0,0.0,65,10000.0,21.2,27.8,1006,Cloudy
Can Tho,10.0341,105.7878,2026-05-27 15:00:00,WeatherAPI,33.0,56,0,0.0,59,10000.0,21.6,29.3,1003,Partly Cloudy
Can Tho,10.0341,105.7878,2026-05-27 16:00:00,WeatherAPI,32.5,57,0,0.0,45,10000.0,22.0,30.2,1003,Partly Cloudy
Can Tho,10.0341,105.7878,2026-05-27 17:00:00,WeatherAPI,31.9,60,0,0.0,11,10000.0,22.0,30.4,1000,Sunny
Can Tho,10.0341,105.7878,2026-05-27 18:00:00,WeatherAPI,30.1,66,0,0.0,29,10000.0,20.2,31.9,1003,Partly Cloudy
Can Tho,10.0341,105.7878,2026-05-27 19:00:00,WeatherAPI,28.7,73,100,1.45,74,9000.0,19.4,32.1,1063,Patchy rain nearby
Can Tho,10.0341,105.7878,2026-05-27 20:00:00,WeatherAPI,27.6,82,0,0.0,26,10000.0,17.3,29.3,1003,Partly Cloudy
Can Tho,10.0341,105.7878,2026-05-27 21:00:00,WeatherAPI,27.3,84,0,0.0,25,10000.0,16.2,28.1,1003,Partly Cloudy
Can Tho,10.0341,105.7878,2026-05-27 22:00:00,WeatherAPI,27.3,84,0,0.0,29,10000.0,15.1,25.9,1003,Partly Cloudy
Can Tho,10.0341,105.7878,2026-05-27 23:00:00,WeatherAPI,27.0,86,0,0.0,31,10000.0,13.0,22.5,1003,Partly Cloudy
Ho Chi Minh,10.7769,106.7009,2026-05-25 00:00:00,WeatherAPI,28.7,75,100,0.74,71,9000.0,10.8,15.6,1063,Patchy rain nearby
Ho Chi Minh,10.7769,106.7009,2026-05-25 01:00:00,WeatherAPI,28.1,78,100,1.12,88,9000.0,9.4,14.1,1063,Patchy rain nearby
Ho Chi Minh,10.7769,106.7009,2026-05-25 02:00:00,WeatherAPI,28.0,79,100,0.12,72,10000.0,9.0,13.8,1063,Patchy rain nearby
Ho Chi Minh,10.7769,106.7009,2026-05-25 03:00:00,WeatherAPI,27.9,79,0,0.0,27,10000.0,9.0,13.4,1003,Partly Cloudy
Ho Chi Minh,10.7769,106.7009,2026-05-25 04:00:00,WeatherAPI,27.6,81,0,0.0,24,10000.0,7.9,11.9,1000,Clear
Ho Chi Minh,10.7769,106.7009,2026-05-25 05:00:00,WeatherAPI,27.5,81,0,0.0,25,10000.0,6.8,10.4,1003,Partly Cloudy
Ho Chi Minh,10.7769,106.7009,2026-05-25 06:00:00,WeatherAPI,27.7,81,0,0.0,26,10000.0,6.5,9.5,1003,Partly Cloudy
Ho Chi Minh,10.7769,106.7009,2026-05-25 07:00:00,WeatherAPI,28.7,75,0,0.0,34,10000.0,7.9,10.1,1003,Partly Cloudy
Ho Chi Minh,10.7769,106.7009,2026-05-25 08:00:00,WeatherAPI,30.2,68,0,0.0,33,10000.0,7.9,9.2,1003,Partly Cloudy
Ho Chi Minh,10.7769,106.7009,2026-05-25 09:00:00,WeatherAPI,31.7,61,0,0.0,100,10000.0,10.4,12.0,1009,Overcast
Ho Chi Minh,10.7769,106.7009,2026-05-25 10:00:00,WeatherAPI,33.1,55,0,0.0,40,10000.0,11.5,13.2,1003,Partly Cloudy
Ho Chi Minh,10.7769,106.7009,2026-05-25 11:00:00,WeatherAPI,34.3,50,0,0.0,69,10000.0,11.2,12.9,1006,Cloudy
Ho Chi Minh,10.7769,106.7009,2026-05-25 12:00:00,WeatherAPI,35.4,46,0,0.0,59,9000.0,11.2,12.9,1087,Thundery outbreaks in nearby
Ho Chi Minh,10.7769,106.7009,2026-05-25 13:00:00,WeatherAPI,36.1,43,100,0.07,100,10000.0,10.8,12.4,1063,Patchy rain nearby
Ho Chi Minh,10.7769,106.7009,2026-05-25 14:00:00,WeatherAPI,36.4,41,100,0.05,57,10000.0,8.6,9.9,1063,Patchy rain nearby
Ho Chi Minh,10.7769,106.7009,2026-05-25 15:00:00,WeatherAPI,35.8,42,100,0.35,77,5000.0,4.3,5.5,1150,Patchy light drizzle
Ho Chi Minh,10.7769,106.7009,2026-05-25 16:00:00,WeatherAPI,36.3,53,0,0.0,50,8000.0,8.3,11.4,1273,Patchy light rain with thunder
Ho Chi Minh,10.7769,106.7009,2026-05-25 17:00:00,WeatherAPI,31.9,60,0,0.0,44,10000.0,13.3,19.3,1003,Partly Cloudy
Ho Chi Minh,10.7769,106.7009,2026-05-25 18:00:00,WeatherAPI,31.6,61,0,0.0,35,9000.0,10.4,15.0,1087,Thundery outbreaks in nearby
Ho Chi Minh,10.7769,106.7009,2026-05-25 19:00:00,WeatherAPI,31.2,63,0,0.0,33,9000.0,9.4,14.2,1087,Thundery outbreaks in nearby
Ho Chi Minh,10.7769,106.7009,2026-05-25 20:00:00,WeatherAPI,30.9,64,60,0.01,80,10000.0,9.7,14.8,1063,Patchy rain nearby
Ho Chi Minh,10.7769,106.7009,2026-05-25 21:00:00,WeatherAPI,30.7,64,0,0.0,21,10000.0,11.5,17.4,1000,Clear
Ho Chi Minh,10.7769,106.7009,2026-05-25 22:00:00,WeatherAPI,30.1,67,100,0.33,83,9000.0,12.6,18.8,1063,Patchy rain nearby
Ho Chi Minh,10.7769,106.7009,2026-05-25 23:00:00,WeatherAPI,29.4,70,0,0.0,33,10000.0,13.3,19.7,1003,Partly Cloudy
Ho Chi Minh,10.7769,106.7009,2026-05-26 00:00:00,WeatherAPI,28.9,72,0,0.0,19,10000.0,13.0,19.3,1000,Clear
Ho Chi Minh,10.7769,106.7009,2026-05-26 01:00:00,WeatherAPI,28.6,74,0,0.0,25,10000.0,13.0,19.1,1000,Clear
Ho Chi Minh,10.7769,106.7009,2026-05-26 02:00:00,WeatherAPI,28.0,77,100,1.72,81,9000.0,11.9,18.7,1180,Patchy light rain
Ho Chi Minh,10.7769,106.7009,2026-05-26 03:00:00,WeatherAPI,27.4,80,100,0.64,84,9000.0,11.2,19.5,1063,Patchy rain nearby
Ho Chi Minh,10.7769,106.7009,2026-05-26 04:00:00,WeatherAPI,27.6,80,0,0.0,23,10000.0,10.4,16.7,1000,Clear
Ho Chi Minh,10.7769,106.7009,2026-05-26 05:00:00,WeatherAPI,27.5,81,0,0.0,40,10000.0,9.7,15.3,1003,Partly Cloudy
Ho Chi Minh,10.7769,106.7009,2026-05-26 06:00:00,WeatherAPI,27.6,81,0,0.0,28,10000.0,8.3,12.8,1003,Partly Cloudy
Ho Chi Minh,10.7769,106.7009,2026-05-26 07:00:00,WeatherAPI,28.8,76,0,0.0,43,10000.0,11.2,17.3,1003,Partly Cloudy
Ho Chi Minh,10.7769,106.7009,2026-05-26 08:00:00,WeatherAPI,30.2,69,0,0.0,22,10000.0,14.4,17.0,1000,Sunny
Ho Chi Minh,10.7769,106.7009,2026-05-26 09:00:00,WeatherAPI,31.8,61,0,0.0,35,10000.0,14.8,17.0,1003,Partly Cloudy
Ho Chi Minh,10.7769,106.7009,2026-05-26 10:00:00,WeatherAPI,33.3,53,0,0.0,16,10000.0,15.1,17.4,1000,Sunny
Ho Chi Minh,10.7769,106.7009,2026-05-26 11:00:00,WeatherAPI,34.7,48,0,0.0,53,10000.0,15.5,17.8,1003,Partly Cloudy
Ho Chi Minh,10.7769,106.7009,2026-05-26 12:00:00,WeatherAPI,36.1,43,0,0.0,100,10000.0,15.5,17.8,1009,Overcast
Ho Chi Minh,10.7769,106.7009,2026-05-26 13:00:00,WeatherAPI,36.7,40,100,0.18,84,10000.0,14.8,17.5,1240,Light rain shower
Ho Chi Minh,10.7769,106.7009,2026-05-26 14:00:00,WeatherAPI,35.8,42,100,0.24,85,9000.0,11.5,14.3,1063,Patchy rain nearby
Ho Chi Minh,10.7769,106.7009,2026-05-26 15:00:00,WeatherAPI,34.6,46,100,0.14,71,10000.0,9.4,13.9,1063,Patchy rain nearby
Ho Chi Minh,10.7769,106.7009,2026-05-26 16:00:00,WeatherAPI,34.4,47,0,0.0,46,10000.0,9.4,14.0,1003,Partly Cloudy
Ho Chi Minh,10.7769,106.7009,2026-05-26 17:00:00,WeatherAPI,33.5,51,0,0.0,44,10000.0,10.4,16.6,1003,Partly Cloudy
Ho Chi Minh,10.7769,106.7009,2026-05-26 18:00:00,WeatherAPI,32.7,54,0,0.0,28,10000.0,14.0,22.1,1003,Partly Cloudy
Ho Chi Minh,10.7769,106.7009,2026-05-26 19:00:00,WeatherAPI,31.4,59,0,0.0,27,10000.0,17.6,26.7,1003,Partly Cloudy
Ho Chi Minh,10.7769,106.7009,2026-05-26 20:00:00,WeatherAPI,30.3,64,0,0.0,28,10000.0,18.4,27.4,1003,Partly Cloudy
Ho Chi Minh,10.7769,106.7009,2026-05-26 21:00:00,WeatherAPI,29.7,67,0,0.0,22,10000.0,16.9,24.8,1000,Clear
Ho Chi Minh,10.7769,106.7009,2026-05-26 22:00:00,WeatherAPI,29.3,69,100,0.55,87,9000.0,16.2,23.7,1063,Patchy rain nearby
Ho Chi Minh,10.7769,106.7009,2026-05-26 23:00:00,WeatherAPI,28.9,73,100,0.08,70,10000.0,16.6,24.2,1063,Patchy rain nearby
Ho Chi Minh,10.7769,106.7009,2026-05-27 00:00:00,WeatherAPI,28.9,73,0,0.0,33,10000.0,15.1,22.1,1003,Partly Cloudy
Ho Chi Minh,10.7769,106.7009,2026-05-27 01:00:00,WeatherAPI,28.7,74,0,0.0,30,10000.0,13.0,19.4,1003,Partly Cloudy
Ho Chi Minh,10.7769,106.7009,2026-05-27 02:00:00,WeatherAPI,28.3,75,0,0.0,45,10000.0,11.9,17.9,1003,Partly Cloudy
Ho Chi Minh,10.7769,106.7009,2026-05-27 03:00:00,WeatherAPI,28.0,77,0,0.0,28,10000.0,9.4,14.1,1003,Partly Cloudy
Ho Chi Minh,10.7769,106.7009,2026-05-27 04:00:00,WeatherAPI,27.7,78,0,0.0,22,10000.0,7.6,11.4,1000,Clear
Ho Chi Minh,10.7769,106.7009,2026-05-27 05:00:00,WeatherAPI,27.5,80,0,0.0,22,10000.0,7.2,11.0,1000,Clear
Ho Chi Minh,10.7769,106.7009,2026-05-27 06:00:00,WeatherAPI,27.6,80,0,0.0,19,10000.0,7.6,11.2,1000,Sunny
Ho Chi Minh,10.7769,106.7009,2026-05-27 07:00:00,WeatherAPI,28.8,75,0,0.0,23,10000.0,9.4,12.0,1000,Sunny
Ho Chi Minh,10.7769,106.7009,2026-05-27 08:00:00,WeatherAPI,30.4,67,0,0.0,34,10000.0,11.5,13.2,1003,Partly Cloudy
Ho Chi Minh,10.7769,106.7009,2026-05-27 09:00:00,WeatherAPI,32.1,59,0,0.0,55,10000.0,13.7,15.7,1003,Partly Cloudy
Ho Chi Minh,10.7769,106.7009,2026-05-27 10:00:00,WeatherAPI,33.8,52,0,0.0,71,10000.0,13.7,15.7,1006,Cloudy
Ho Chi Minh,10.7769,106.7009,2026-05-27 11:00:00,WeatherAPI,35.4,46,0,0.0,60,10000.0,14.0,16.2,1003,Partly Cloudy
Ho Chi Minh,10.7769,106.7009,2026-05-27 12:00:00,WeatherAPI,36.7,41,0,0.0,100,10000.0,13.7,15.7,1009,Overcast
Ho Chi Minh,10.7769,106.7009,2026-05-27 13:00:00,WeatherAPI,36.8,40,100,0.52,70,5000.0,13.7,15.7,1150,Patchy light drizzle
Ho Chi Minh,10.7769,106.7009,2026-05-27 14:00:00,WeatherAPI,35.0,46,100,0.25,79,5000.0,16.9,21.2,1150,Patchy light drizzle
Ho Chi Minh,10.7769,106.7009,2026-05-27 15:00:00,WeatherAPI,33.5,52,0,0.0,48,10000.0,20.5,27.8,1003,Partly Cloudy
Ho Chi Minh,10.7769,106.7009,2026-05-27 16:00:00,WeatherAPI,33.1,53,0,0.0,45,10000.0,18.7,26.1,1003,Partly Cloudy
Ho Chi Minh,10.7769,106.7009,2026-05-27 17:00:00,WeatherAPI,33.5,53,75,0.01,87,10000.0,16.6,23.4,1063,Patchy rain nearby
Ho Chi Minh,10.7769,106.7009,2026-05-27 18:00:00,WeatherAPI,32.8,55,100,0.11,81,10000.0,17.6,26.4,1063,Patchy rain nearby
Ho Chi Minh,10.7769,106.7009,2026-05-27 19:00:00,WeatherAPI,32.0,57,100,0.36,72,5000.0,14.8,22.1,1150,Patchy light drizzle
Ho Chi Minh,10.7769,106.7009,2026-05-27 20:00:00,WeatherAPI,30.4,65,100,1.43,70,9000.0,20.5,30.9,1063,Patchy rain nearby
Ho Chi Minh,10.7769,106.7009,2026-05-27 21:00:00,WeatherAPI,29.7,69,100,0.22,81,9000.0,17.3,25.1,1063,Patchy rain nearby
Ho Chi Minh,10.7769,106.7009,2026-05-27 22:00:00,WeatherAPI,29.1,72,100,0.56,79,9000.0,15.8,23.2,1063,Patchy rain nearby
Ho Chi Minh,10.7769,106.7009,2026-05-27 23:00:00,WeatherAPI,28.7,76,100,0.13,85,10000.0,14.8,21.0,1063,Patchy rain nearby
Ha Noi,21.0285,105.8542,2026-05-25 00:00:00,WeatherAPI,29.8,65,0,0.0,10,10000.0,13.0,27.0,1000,Clear
Ha Noi,21.0285,105.8542,2026-05-25 01:00:00,WeatherAPI,29.5,66,0,0.0,9,10000.0,11.5,24.2,1000,Clear
Ha Noi,21.0285,105.8542,2026-05-25 02:00:00,WeatherAPI,29.3,66,0,0.0,9,10000.0,11.5,24.2,1000,Clear
Ha Noi,21.0285,105.8542,2026-05-25 03:00:00,WeatherAPI,29.0,67,0,0.0,8,10000.0,12.2,25.5,1000,Clear
Ha Noi,21.0285,105.8542,2026-05-25 04:00:00,WeatherAPI,28.6,68,0,0.0,9,10000.0,12.2,25.7,1000,Clear
Ha Noi,21.0285,105.8542,2026-05-25 05:00:00,WeatherAPI,28.4,69,0,0.0,12,10000.0,11.9,24.9,1000,Clear
Ha Noi,21.0285,105.8542,2026-05-25 06:00:00,WeatherAPI,28.5,72,0,0.0,13,10000.0,11.5,24.2,1000,Sunny
Ha Noi,21.0285,105.8542,2026-05-25 07:00:00,WeatherAPI,30.6,66,0,0.0,16,10000.0,11.9,19.8,1000,Sunny
Ha Noi,21.0285,105.8542,2026-05-25 08:00:00,WeatherAPI,33.1,55,0,0.0,19,10000.0,13.3,17.6,1000,Sunny
Ha Noi,21.0285,105.8542,2026-05-25 09:00:00,WeatherAPI,35.4,46,0,0.0,21,10000.0,15.1,18.3,1000,Sunny
Ha Noi,21.0285,105.8542,2026-05-25 10:00:00,WeatherAPI,36.9,41,0,0.0,22,10000.0,17.3,19.9,1000,Sunny
Ha Noi,21.0285,105.8542,2026-05-25 11:00:00,WeatherAPI,37.7,39,0,0.0,20,10000.0,19.8,22.8,1000,Sunny
Ha Noi,21.0285,105.8542,2026-05-25 12:00:00,WeatherAPI,38.4,37,0,0.0,23,10000.0,19.1,22.0,1000,Sunny
Ha Noi,21.0285,105.8542,2026-05-25 13:00:00,WeatherAPI,39.5,35,0,0.0,20,10000.0,17.6,20.3,1000,Sunny
Ha Noi,21.0285,105.8542,2026-05-25 14:00:00,WeatherAPI,40.4,32,0,0.0,21,10000.0,17.6,20.3,1000,Sunny
Ha Noi,21.0285,105.8542,2026-05-25 15:00:00,WeatherAPI,40.8,31,0,0.0,24,10000.0,15.5,19.3,1000,Sunny
Ha Noi,21.0285,105.8542,2026-05-25 16:00:00,WeatherAPI,39.2,40,0,0.0,0,10000.0,11.5,15.5,1087,Thundery outbreaks in nearby
Ha Noi,21.0285,105.8542,2026-05-25 17:00:00,WeatherAPI,37.2,44,0,0.0,61,9000.0,8.6,15.8,1087,Thundery outbreaks in nearby
Ha Noi,21.0285,105.8542,2026-05-25 18:00:00,WeatherAPI,35.0,52,0,0.0,46,9000.0,10.4,20.2,1087,Thundery outbreaks in nearby
Ha Noi,21.0285,105.8542,2026-05-25 19:00:00,WeatherAPI,32.9,59,0,0.0,42,10000.0,12.6,24.2,1003,Partly Cloudy
Ha Noi,21.0285,105.8542,2026-05-25 20:00:00,WeatherAPI,31.7,64,0,0.0,22,10000.0,11.9,23.7,1000,Clear
Ha Noi,21.0285,105.8542,2026-05-25 21:00:00,WeatherAPI,31.5,64,0,0.0,10,10000.0,10.4,20.5,1000,Clear
Ha Noi,21.0285,105.8542,2026-05-25 22:00:00,WeatherAPI,31.3,62,0,0.0,9,10000.0,10.8,22.4,1000,Clear
Ha Noi,21.0285,105.8542,2026-05-25 23:00:00,WeatherAPI,30.7,62,0,0.0,8,10000.0,10.1,21.2,1000,Clear
Ha Noi,21.0285,105.8542,2026-05-26 00:00:00,WeatherAPI,30.4,63,0,0.0,9,10000.0,8.6,18.1,1000,Clear
Ha Noi,21.0285,105.8542,2026-05-26 01:00:00,WeatherAPI,30.2,62,0,0.0,9,10000.0,7.2,15.1,1000,Clear
Ha Noi,21.0285,105.8542,2026-05-26 02:00:00,WeatherAPI,29.9,62,0,0.0,7,10000.0,5.8,12.1,1000,Clear
Ha Noi,21.0285,105.8542,2026-05-26 03:00:00,WeatherAPI,29.6,64,0,0.0,8,10000.0,5.8,12.1,1000,Clear
Ha Noi,21.0285,105.8542,2026-05-26 04:00:00,WeatherAPI,29.1,66,0,0.0,9,10000.0,5.8,12.0,1000,Clear
Ha Noi,21.0285,105.8542,2026-05-26 05:00:00,WeatherAPI,28.7,68,0,0.0,10,10000.0,4.3,8.7,1000,Clear
Ha Noi,21.0285,105.8542,2026-05-26 06:00:00,WeatherAPI,28.9,71,0,0.0,10,10000.0,3.2,6.1,1000,Sunny
Ha Noi,21.0285,105.8542,2026-05-26 07:00:00,WeatherAPI,30.7,63,0,0.0,9,10000.0,1.4,2.1,1000,Sunny
Ha Noi,21.0285,105.8542,2026-05-26 08:00:00,WeatherAPI,32.9,55,0,0.0,7,10000.0,3.6,4.5,1000,Sunny
Ha Noi,21.0285,105.8542,2026-05-26 09:00:00,WeatherAPI,34.9,48,0,0.0,6,10000.0,7.2,8.3,1000,Sunny
Ha Noi,21.0285,105.8542,2026-05-26 10:00:00,WeatherAPI,36.5,43,0,0.0,8,10000.0,10.1,11.6,1000,Sunny
Ha Noi,21.0285,105.8542,2026-05-26 11:00:00,WeatherAPI,37.7,40,0,0.0,26,10000.0,11.9,13.7,1003,Partly Cloudy
Ha Noi,21.0285,105.8542,2026-05-26 12:00:00,WeatherAPI,38.9,36,0,0.0,22,10000.0,12.2,14.1,1000,Sunny
Ha Noi,21.0285,105.8542,2026-05-26 13:00:00,WeatherAPI,39.7,34,0,0.0,15,10000.0,11.9,13.7,1000,Sunny
Ha Noi,21.0285,105.8542,2026-05-26 14:00:00,WeatherAPI,40.4,32,0,0.0,11,10000.0,11.5,13.2,1000,Sunny
Ha Noi,21.0285,105.8542,2026-05-26 15:00:00,WeatherAPI,40.5,32,0,0.0,20,10000.0,10.1,12.1,1000,Sunny
Ha Noi,21.0285,105.8542,2026-05-26 16:00:00,WeatherAPI,40.1,34,0,0.0,46,10000.0,10.8,14.2,1003,Partly Cloudy
Ha Noi,21.0285,105.8542,2026-05-26 17:00:00,WeatherAPI,38.6,40,0,0.0,45,9000.0,11.9,19.2,1087,Thundery outbreaks in nearby
Ha Noi,21.0285,105.8542,2026-05-26 18:00:00,WeatherAPI,34.5,54,0,0.0,63,9000.0,19.4,33.7,1087,Thundery outbreaks in nearby
Ha Noi,21.0285,105.8542,2026-05-26 19:00:00,WeatherAPI,33.1,58,0,0.0,46,9000.0,16.9,28.1,1087,Thundery outbreaks in nearby
Ha Noi,21.0285,105.8542,2026-05-26 20:00:00,WeatherAPI,31.9,63,0,0.0,44,10000.0,16.6,26.7,1003,Partly Cloudy
Ha Noi,21.0285,105.8542,2026-05-26 21:00:00,WeatherAPI,31.2,66,0,0.0,46,10000.0,19.1,30.0,1003,Partly Cloudy
Ha Noi,21.0285,105.8542,2026-05-26 22:00:00,WeatherAPI,31.1,68,0,0.0,23,10000.0,17.6,28.2,1000,Clear
Ha Noi,21.0285,105.8542,2026-05-26 23:00:00,WeatherAPI,31.0,69,0,0.0,20,10000.0,12.6,20.2,1000,Clear
Ha Noi,21.0285,105.8542,2026-05-27 00:00:00,WeatherAPI,30.7,71,0,0.0,16,10000.0,11.9,19.0,1000,Clear
Ha Noi,21.0285,105.8542,2026-05-27 01:00:00,WeatherAPI,30.1,74,0,0.0,10,10000.0,10.1,16.2,1000,Clear
Ha Noi,21.0285,105.8542,2026-05-27 02:00:00,WeatherAPI,29.4,79,0,0.0,13,10000.0,9.7,15.6,1000,Clear
Ha Noi,21.0285,105.8542,2026-05-27 03:00:00,WeatherAPI,29.0,82,0,0.0,21,10000.0,7.6,12.2,1000,Clear
Ha Noi,21.0285,105.8542,2026-05-27 04:00:00,WeatherAPI,28.7,84,0,0.0,9,10000.0,9.0,14.3,1000,Clear
Ha Noi,21.0285,105.8542,2026-05-27 05:00:00,WeatherAPI,28.5,86,0,0.0,16,10000.0,9.4,14.8,1000,Clear
Ha Noi,21.0285,105.8542,2026-05-27 06:00:00,WeatherAPI,28.9,87,0,0.0,23,10000.0,8.6,12.6,1000,Sunny
Ha Noi,21.0285,105.8542,2026-05-27 07:00:00,WeatherAPI,30.2,80,0,0.0,36,9000.0,9.7,12.4,1087,Thundery outbreaks in nearby
Ha Noi,21.0285,105.8542,2026-05-27 08:00:00,WeatherAPI,32.0,72,0,0.0,30,9000.0,5.0,5.8,1087,Thundery outbreaks in nearby
Ha Noi,21.0285,105.8542,2026-05-27 09:00:00,WeatherAPI,33.6,64,0,0.0,28,9000.0,6.1,7.1,1087,Thundery outbreaks in nearby
Ha Noi,21.0285,105.8542,2026-05-27 10:00:00,WeatherAPI,35.3,57,0,0.0,19,10000.0,5.0,5.8,1000,Sunny
Ha Noi,21.0285,105.8542,2026-05-27 11:00:00,WeatherAPI,36.9,51,0,0.0,14,10000.0,3.2,3.7,1000,Sunny
Ha Noi,21.0285,105.8542,2026-05-27 12:00:00,WeatherAPI,38.2,46,0,0.0,18,10000.0,2.9,3.3,1000,Sunny
Ha Noi,21.0285,105.8542,2026-05-27 13:00:00,WeatherAPI,39.1,42,0,0.0,19,10000.0,2.2,2.5,1000,Sunny
Ha Noi,21.0285,105.8542,2026-05-27 14:00:00,WeatherAPI,39.3,41,0,0.0,16,10000.0,2.9,3.3,1000,Sunny
Ha Noi,21.0285,105.8542,2026-05-27 15:00:00,WeatherAPI,39.6,39,0,0.0,17,10000.0,4.0,4.6,1000,Sunny
Ha Noi,21.0285,105.8542,2026-05-27 16:00:00,WeatherAPI,39.1,41,0,0.0,17,10000.0,9.4,11.2,1000,Sunny
Ha Noi,21.0285,105.8542,2026-05-27 17:00:00,WeatherAPI,37.1,50,0,0.0,25,9000.0,17.6,23.3,1087,Thundery outbreaks in nearby
Ha Noi,21.0285,105.8542,2026-05-27 18:00:00,WeatherAPI,32.9,65,100,0.47,85,10000.0,23.4,35.6,1273,Patchy light rain in area with thunder
Ha Noi,21.0285,105.8542,2026-05-27 19:00:00,WeatherAPI,29.2,80,100,4.78,87,7000.0,22.0,38.8,1243,Moderate or heavy rain shower
Ha Noi,21.0285,105.8542,2026-05-27 20:00:00,WeatherAPI,28.1,80,100,0.77,81,9000.0,13.0,22.6,1063,Patchy rain nearby
Ha Noi,21.0285,105.8542,2026-05-27 21:00:00,WeatherAPI,28.2,79,0,0.0,13,10000.0,11.5,22.4,1000,Clear
Ha Noi,21.0285,105.8542,2026-05-27 22:00:00,WeatherAPI,28.2,80,0,0.0,19,10000.0,8.6,15.6,1000,Clear
Ha Noi,21.0285,105.8542,2026-05-27 23:00:00,WeatherAPI,28.2,82,71,0.03,77,10000.0,7.2,12.5,1063,Patchy rain nearby
