location_name,latitude,longitude,timestamp,source,temperature_2m,relative_humidity_2m,precipitation_probability,precipitation,cloud_cover,visibility,wind_speed_10m,wind_gusts_10m,weather_code,weather_description,hour,date,dayofweek,month,flyability_score,fly_label,risk_level
An Giang,10.5216,105.1259,2026-06-01 06:00:00,WeatherAPI,26.0,86,73,0.59,63,10000.0,6.8,11.0,1240,Light rain shower,6,2026-06-01,0,6,0.7,NO_FLY,MEDIUM
An Giang,10.5216,105.1259,2026-06-01 07:00:00,WeatherAPI,26.7,83,73,2.14,55,10000.0,8.3,13.1,1240,Light rain shower,7,2026-06-01,0,6,0.7,NO_FLY,MEDIUM
An Giang,10.5216,105.1259,2026-06-01 08:00:00,WeatherAPI,27.2,81,81,1.88,88,10000.0,16.2,23.8,1240,Light rain shower,8,2026-06-01,0,6,0.6,NO_FLY,MEDIUM
An Giang,10.5216,105.1259,2026-06-01 09:00:00,WeatherAPI,26.7,84,73,0.44,100,10000.0,16.9,27.8,1240,Light rain shower,9,2026-06-01,0,6,0.6,NO_FLY,MEDIUM
An Giang,10.5216,105.1259,2026-06-01 10:00:00,WeatherAPI,26.7,84,73,0.2,80,10000.0,12.6,21.2,1240,Light rain shower,10,2026-06-01,0,6,0.7,NO_FLY,MEDIUM
An Giang,10.5216,105.1259,2026-06-01 11:00:00,WeatherAPI,27.1,82,73,0.82,63,10000.0,11.5,19.7,1240,Light rain shower,11,2026-06-01,0,6,0.7,NO_FLY,MEDIUM
An Giang,10.5216,105.1259,2026-06-01 12:00:00,WeatherAPI,27.3,82,73,0.86,62,10000.0,9.7,18.0,1240,Light rain shower,12,2026-06-01,0,6,0.7,NO_FLY,MEDIUM
An Giang,10.5216,105.1259,2026-06-01 13:00:00,WeatherAPI,27.2,82,13,0.01,68,10000.0,6.5,12.0,1063,Patchy rain nearby,13,2026-06-01,0,6,0.8,NO_FLY,LOW
An Giang,10.5216,105.1259,2026-06-01 14:00:00,WeatherAPI,27.0,84,73,0.16,60,10000.0,6.1,8.6,1240,Light rain shower,14,2026-06-01,0,6,0.7,NO_FLY,MEDIUM
An Giang,10.5216,105.1259,2026-06-01 15:00:00,WeatherAPI,26.8,86,25,0.01,98,10000.0,9.4,13.5,1063,Patchy rain nearby,15,2026-06-01,0,6,0.7,NO_FLY,MEDIUM
An Giang,10.5216,105.1259,2026-06-01 16:00:00,WeatherAPI,26.6,87,25,0.0,100,10000.0,7.9,11.6,1009,Overcast,16,2026-06-01,0,6,0.9,FLY,LOW
An Giang,10.5216,105.1259,2026-06-01 17:00:00,WeatherAPI,26.3,88,23,0.0,91,10000.0,9.0,13.5,1009,Overcast,17,2026-06-01,0,6,0.9,FLY,LOW
An Giang,10.5216,105.1259,2026-06-02 06:00:00,WeatherAPI,25.3,88,12,0.0,54,10000.0,5.8,9.7,1003,Partly Cloudy,6,2026-06-02,1,6,1.0,FLY,LOW
An Giang,10.5216,105.1259,2026-06-02 07:00:00,WeatherAPI,26.5,82,20,0.02,87,10000.0,5.8,8.2,1063,Patchy rain nearby,7,2026-06-02,1,6,0.7,NO_FLY,MEDIUM
An Giang,10.5216,105.1259,2026-06-02 08:00:00,WeatherAPI,28.1,74,73,0.06,78,10000.0,8.3,10.2,1063,Patchy rain nearby,8,2026-06-02,1,6,0.7,NO_FLY,MEDIUM
An Giang,10.5216,105.1259,2026-06-02 09:00:00,WeatherAPI,29.7,67,73,0.49,72,9000.0,11.2,13.2,1063,Patchy rain nearby,9,2026-06-02,1,6,0.7,NO_FLY,MEDIUM
An Giang,10.5216,105.1259,2026-06-02 10:00:00,WeatherAPI,30.6,64,73,0.55,78,9000.0,13.7,17.5,1063,Patchy rain nearby,10,2026-06-02,1,6,0.7,NO_FLY,MEDIUM
An Giang,10.5216,105.1259,2026-06-02 11:00:00,WeatherAPI,31.1,62,73,0.4,58,10000.0,15.5,21.2,1240,Light rain shower,11,2026-06-02,1,6,0.7,NO_FLY,MEDIUM
An Giang,10.5216,105.1259,2026-06-02 12:00:00,WeatherAPI,31.3,62,73,0.5,71,10000.0,16.6,24.3,1240,Light rain shower,12,2026-06-02,1,6,0.7,NO_FLY,MEDIUM
An Giang,10.5216,105.1259,2026-06-02 13:00:00,WeatherAPI,30.5,65,73,0.12,68,10000.0,17.3,26.7,1063,Patchy rain nearby,13,2026-06-02,1,6,0.7,NO_FLY,MEDIUM
An Giang,10.5216,105.1259,2026-06-02 14:00:00,WeatherAPI,30.6,65,73,0.12,68,10000.0,18.0,20.9,1063,Patchy rain nearby,14,2026-06-02,1,6,0.7,NO_FLY,MEDIUM
An Giang,10.5216,105.1259,2026-06-02 15:00:00,WeatherAPI,29.8,68,12,0.02,100,10000.0,19.1,23.6,1063,Patchy rain nearby,15,2026-06-02,1,6,0.7,NO_FLY,MEDIUM
An Giang,10.5216,105.1259,2026-06-02 16:00:00,WeatherAPI,28.7,72,13,0.01,100,10000.0,19.8,25.7,1063,Patchy rain nearby,16,2026-06-02,1,6,0.7,NO_FLY,MEDIUM
An Giang,10.5216,105.1259,2026-06-02 17:00:00,WeatherAPI,28.2,74,73,0.11,98,10000.0,20.2,27.4,1063,Patchy rain nearby,17,2026-06-02,1,6,0.3,NO_FLY,HIGH
An Giang,10.5216,105.1259,2026-06-03 06:00:00,WeatherAPI,25.1,85,9,0.0,48,10000.0,11.5,18.9,1003,Partly Cloudy,6,2026-06-03,2,6,1.0,FLY,LOW
An Giang,10.5216,105.1259,2026-06-03 07:00:00,WeatherAPI,26.6,78,6,0.0,46,10000.0,14.8,19.7,1003,Partly Cloudy,7,2026-06-03,2,6,1.0,FLY,LOW
An Giang,10.5216,105.1259,2026-06-03 08:00:00,WeatherAPI,27.9,71,5,0.0,62,10000.0,17.6,21.7,1003,Partly Cloudy,8,2026-06-03,2,6,1.0,FLY,LOW
An Giang,10.5216,105.1259,2026-06-03 09:00:00,WeatherAPI,28.7,67,3,0.0,50,10000.0,18.7,21.8,1003,Partly Cloudy,9,2026-06-03,2,6,1.0,FLY,LOW
An Giang,10.5216,105.1259,2026-06-03 10:00:00,WeatherAPI,28.5,68,10,0.02,91,10000.0,18.4,21.8,1063,Patchy rain nearby,10,2026-06-03,2,6,0.7,NO_FLY,MEDIUM
An Giang,10.5216,105.1259,2026-06-03 11:00:00,WeatherAPI,27.9,71,9,0.04,65,10000.0,15.1,19.0,1063,Patchy rain nearby,11,2026-06-03,2,6,0.8,NO_FLY,LOW
An Giang,10.5216,105.1259,2026-06-03 12:00:00,WeatherAPI,27.4,74,6,0.0,63,10000.0,13.0,17.2,1006,Cloudy,12,2026-06-03,2,6,1.0,FLY,LOW
An Giang,10.5216,105.1259,2026-06-03 13:00:00,WeatherAPI,29.3,66,2,0.0,35,10000.0,14.4,17.1,1003,Partly Cloudy,13,2026-06-03,2,6,1.0,FLY,LOW
An Giang,10.5216,105.1259,2026-06-03 14:00:00,WeatherAPI,32.2,56,3,0.0,66,10000.0,15.8,18.2,1006,Cloudy,14,2026-06-03,2,6,1.0,FLY,LOW
An Giang,10.5216,105.1259,2026-06-03 15:00:00,WeatherAPI,32.8,53,73,0.16,60,5000.0,21.6,25.2,1150,Patchy light drizzle,15,2026-06-03,2,6,0.4,NO_FLY,HIGH
An Giang,10.5216,105.1259,2026-06-03 16:00:00,WeatherAPI,31.4,57,1,0.0,35,10000.0,22.3,30.3,1003,Partly Cloudy,16,2026-06-03,2,6,0.5,NO_FLY,MEDIUM
An Giang,10.5216,105.1259,2026-06-03 17:00:00,WeatherAPI,30.8,60,1,0.0,28,10000.0,20.9,30.3,1003,Partly Cloudy,17,2026-06-03,2,6,0.5,NO_FLY,MEDIUM
Can Tho,10.0341,105.7878,2026-06-01 06:00:00,WeatherAPI,25.0,92,83,0.94,80,10000.0,7.9,14.4,1240,Light rain shower,6,2026-06-01,0,6,0.7,NO_FLY,MEDIUM
Can Tho,10.0341,105.7878,2026-06-01 07:00:00,WeatherAPI,25.5,90,88,1.97,85,9000.0,9.0,17.0,1063,Patchy rain nearby,7,2026-06-01,0,6,0.6,NO_FLY,MEDIUM
Can Tho,10.0341,105.7878,2026-06-01 08:00:00,WeatherAPI,26.7,87,80,2.22,66,10000.0,16.9,25.1,1240,Light rain shower,8,2026-06-01,0,6,0.7,NO_FLY,MEDIUM
Can Tho,10.0341,105.7878,2026-06-01 09:00:00,WeatherAPI,25.7,90,89,1.25,100,10000.0,20.2,35.1,1240,Light rain shower,9,2026-06-01,0,6,0.1,NO_FLY,HIGH
Can Tho,10.0341,105.7878,2026-06-01 10:00:00,WeatherAPI,24.9,91,73,0.22,85,10000.0,16.9,31.1,1240,Light rain shower,10,2026-06-01,0,6,0.4,NO_FLY,HIGH
Can Tho,10.0341,105.7878,2026-06-01 11:00:00,WeatherAPI,24.7,93,90,1.07,100,10000.0,14.8,27.4,1240,Light rain shower,11,2026-06-01,0,6,0.6,NO_FLY,MEDIUM
Can Tho,10.0341,105.7878,2026-06-01 12:00:00,WeatherAPI,24.7,94,91,1.83,92,10000.0,13.7,27.0,1240,Light rain shower,12,2026-06-01,0,6,0.6,NO_FLY,MEDIUM
Can Tho,10.0341,105.7878,2026-06-01 13:00:00,WeatherAPI,25.0,94,91,1.46,100,10000.0,13.0,26.5,1240,Light rain shower,13,2026-06-01,0,6,0.6,NO_FLY,MEDIUM
Can Tho,10.0341,105.7878,2026-06-01 14:00:00,WeatherAPI,25.1,94,81,0.73,81,10000.0,10.4,15.9,1240,Light rain shower,14,2026-06-01,0,6,0.6,NO_FLY,MEDIUM
Can Tho,10.0341,105.7878,2026-06-01 15:00:00,WeatherAPI,25.1,94,73,0.18,72,10000.0,9.0,13.9,1240,Light rain shower,15,2026-06-01,0,6,0.7,NO_FLY,MEDIUM
Can Tho,10.0341,105.7878,2026-06-01 16:00:00,WeatherAPI,25.2,93,73,0.09,54,10000.0,7.6,12.2,1063,Patchy rain nearby,16,2026-06-01,0,6,0.7,NO_FLY,MEDIUM
Can Tho,10.0341,105.7878,2026-06-01 17:00:00,WeatherAPI,25.3,93,33,0.0,100,10000.0,8.6,14.2,1009,Overcast,17,2026-06-01,0,6,0.8,FLY,LOW
Can Tho,10.0341,105.7878,2026-06-02 06:00:00,WeatherAPI,24.1,97,88,1.81,74,10000.0,5.8,9.9,1240,Light rain shower,6,2026-06-02,1,6,0.7,NO_FLY,MEDIUM
Can Tho,10.0341,105.7878,2026-06-02 07:00:00,WeatherAPI,25.0,94,87,1.83,77,10000.0,6.5,12.1,1240,Light rain shower,7,2026-06-02,1,6,0.7,NO_FLY,MEDIUM
Can Tho,10.0341,105.7878,2026-06-02 08:00:00,WeatherAPI,27.0,86,84,1.98,81,10000.0,10.8,15.3,1240,Light rain shower,8,2026-06-02,1,6,0.6,NO_FLY,MEDIUM
Can Tho,10.0341,105.7878,2026-06-02 09:00:00,WeatherAPI,28.0,80,77,1.5,84,10000.0,16.6,27.2,1240,Light rain shower,9,2026-06-02,1,6,0.6,NO_FLY,MEDIUM
Can Tho,10.0341,105.7878,2026-06-02 10:00:00,WeatherAPI,28.0,80,73,1.73,54,10000.0,19.1,34.8,1240,Light rain shower,10,2026-06-02,1,6,0.5,NO_FLY,MEDIUM
Can Tho,10.0341,105.7878,2026-06-02 11:00:00,WeatherAPI,27.6,81,75,1.76,74,10000.0,22.0,43.1,1240,Light rain shower,11,2026-06-02,1,6,0.2,NO_FLY,HIGH
Can Tho,10.0341,105.7878,2026-06-02 12:00:00,WeatherAPI,26.7,85,78,1.01,83,10000.0,22.0,44.7,1240,Light rain shower,12,2026-06-02,1,6,0.1,NO_FLY,HIGH
Can Tho,10.0341,105.7878,2026-06-02 13:00:00,WeatherAPI,26.4,86,73,0.58,84,10000.0,20.2,41.8,1240,Light rain shower,13,2026-06-02,1,6,0.1,NO_FLY,HIGH
Can Tho,10.0341,105.7878,2026-06-02 14:00:00,WeatherAPI,26.4,86,73,0.06,75,10000.0,19.1,28.0,1063,Patchy rain nearby,14,2026-06-02,1,6,0.7,NO_FLY,MEDIUM
Can Tho,10.0341,105.7878,2026-06-02 15:00:00,WeatherAPI,26.3,85,24,0.0,100,10000.0,19.4,29.8,1009,Overcast,15,2026-06-02,1,6,0.7,NO_FLY,MEDIUM
Can Tho,10.0341,105.7878,2026-06-02 16:00:00,WeatherAPI,25.8,87,73,0.22,100,10000.0,17.3,28.3,1240,Light rain shower,16,2026-06-02,1,6,0.4,NO_FLY,HIGH
Can Tho,10.0341,105.7878,2026-06-02 17:00:00,WeatherAPI,25.5,88,74,0.44,100,10000.0,16.9,28.0,1240,Light rain shower,17,2026-06-02,1,6,0.6,NO_FLY,MEDIUM
Can Tho,10.0341,105.7878,2026-06-03 06:00:00,WeatherAPI,25.7,83,7,0.0,39,10000.0,16.2,27.9,1003,Partly Cloudy,6,2026-06-03,2,6,1.0,FLY,LOW
Can Tho,10.0341,105.7878,2026-06-03 07:00:00,WeatherAPI,26.5,80,6,0.0,42,10000.0,17.6,27.7,1003,Partly Cloudy,7,2026-06-03,2,6,1.0,FLY,LOW
Can Tho,10.0341,105.7878,2026-06-03 08:00:00,WeatherAPI,28.3,75,7,0.0,59,9000.0,21.2,27.7,1087,Thundery outbreaks in nearby,8,2026-06-03,2,6,0.7,NO_FLY,MEDIUM
Can Tho,10.0341,105.7878,2026-06-03 09:00:00,WeatherAPI,29.8,69,4,0.0,52,9000.0,23.0,26.5,1087,Thundery outbreaks in nearby,9,2026-06-03,2,6,0.7,NO_FLY,MEDIUM
Can Tho,10.0341,105.7878,2026-06-03 10:00:00,WeatherAPI,30.5,65,6,0.01,78,9000.0,23.4,26.9,1087,Thundery outbreaks in nearby,10,2026-06-03,2,6,0.5,NO_FLY,MEDIUM
Can Tho,10.0341,105.7878,2026-06-03 11:00:00,WeatherAPI,31.7,61,73,0.19,56,10000.0,25.2,29.0,1240,Light rain shower,11,2026-06-03,2,6,0.2,NO_FLY,HIGH
Can Tho,10.0341,105.7878,2026-06-03 12:00:00,WeatherAPI,31.7,62,73,0.34,72,10000.0,26.3,31.6,1240,Light rain shower,12,2026-06-03,2,6,0.2,NO_FLY,HIGH
Can Tho,10.0341,105.7878,2026-06-03 13:00:00,WeatherAPI,31.3,64,73,0.33,60,10000.0,26.3,33.6,1240,Light rain shower,13,2026-06-03,2,6,0.2,NO_FLY,HIGH
Can Tho,10.0341,105.7878,2026-06-03 14:00:00,WeatherAPI,31.4,62,73,0.41,79,2000.0,26.6,31.9,1153,Light drizzle,14,2026-06-03,2,6,0.2,NO_FLY,HIGH
Can Tho,10.0341,105.7878,2026-06-03 15:00:00,WeatherAPI,30.7,65,73,0.14,58,10000.0,27.0,35.5,1063,Patchy rain nearby,15,2026-06-03,2,6,0.2,NO_FLY,HIGH
Can Tho,10.0341,105.7878,2026-06-03 16:00:00,WeatherAPI,30.5,66,7,0.01,84,10000.0,25.9,33.5,1063,Patchy rain nearby,16,2026-06-03,2,6,0.2,NO_FLY,HIGH
Can Tho,10.0341,105.7878,2026-06-03 17:00:00,WeatherAPI,29.5,71,5,0.02,50,10000.0,22.0,30.8,1063,Patchy rain nearby,17,2026-06-03,2,6,0.3,NO_FLY,HIGH
Dong Thap,10.4939,105.6882,2026-06-01 06:00:00,WeatherAPI,25.1,90,73,0.3,72,9000.0,7.2,12.9,1063,Patchy rain nearby,6,2026-06-01,0,6,0.7,NO_FLY,MEDIUM
Dong Thap,10.4939,105.6882,2026-06-01 07:00:00,WeatherAPI,25.7,88,82,1.9,73,10000.0,7.9,14.3,1240,Light rain shower,7,2026-06-01,0,6,0.7,NO_FLY,MEDIUM
Dong Thap,10.4939,105.6882,2026-06-01 08:00:00,WeatherAPI,26.5,85,77,2.1,63,10000.0,14.0,22.2,1240,Light rain shower,8,2026-06-01,0,6,0.7,NO_FLY,MEDIUM
Dong Thap,10.4939,105.6882,2026-06-01 09:00:00,WeatherAPI,26.0,88,75,1.49,60,10000.0,18.7,32.0,1240,Light rain shower,9,2026-06-01,0,6,0.5,NO_FLY,MEDIUM
Dong Thap,10.4939,105.6882,2026-06-01 10:00:00,WeatherAPI,25.6,88,73,0.42,68,10000.0,17.6,32.7,1240,Light rain shower,10,2026-06-01,0,6,0.5,NO_FLY,MEDIUM
Dong Thap,10.4939,105.6882,2026-06-01 11:00:00,WeatherAPI,25.5,90,84,1.32,82,10000.0,13.7,22.0,1240,Light rain shower,11,2026-06-01,0,6,0.6,NO_FLY,MEDIUM
Dong Thap,10.4939,105.6882,2026-06-01 12:00:00,WeatherAPI,25.6,91,89,2.06,88,10000.0,13.3,26.8,1240,Light rain shower,12,2026-06-01,0,6,0.6,NO_FLY,MEDIUM
Dong Thap,10.4939,105.6882,2026-06-01 13:00:00,WeatherAPI,25.6,91,73,0.36,92,10000.0,13.3,21.2,1240,Light rain shower,13,2026-06-01,0,6,0.6,NO_FLY,MEDIUM
Dong Thap,10.4939,105.6882,2026-06-01 14:00:00,WeatherAPI,25.3,92,73,0.26,62,5000.0,13.3,20.2,1150,Patchy light drizzle,14,2026-06-01,0,6,0.7,NO_FLY,MEDIUM
Dong Thap,10.4939,105.6882,2026-06-01 15:00:00,WeatherAPI,25.2,93,73,0.23,64,5000.0,13.3,20.3,1150,Patchy light drizzle,15,2026-06-01,0,6,0.7,NO_FLY,MEDIUM
Dong Thap,10.4939,105.6882,2026-06-01 16:00:00,WeatherAPI,25.2,93,73,0.1,57,10000.0,10.8,17.1,1063,Patchy rain nearby,16,2026-06-01,0,6,0.7,NO_FLY,MEDIUM
Dong Thap,10.4939,105.6882,2026-06-01 17:00:00,WeatherAPI,25.2,93,13,0.0,44,10000.0,9.7,15.8,1003,Partly Cloudy,17,2026-06-01,0,6,1.0,FLY,LOW
Dong Thap,10.4939,105.6882,2026-06-02 06:00:00,WeatherAPI,24.9,92,73,0.2,71,9000.0,7.9,13.6,1063,Patchy rain nearby,6,2026-06-02,1,6,0.7,NO_FLY,MEDIUM
Dong Thap,10.4939,105.6882,2026-06-02 07:00:00,WeatherAPI,25.8,88,73,0.2,74,5000.0,7.6,11.3,1150,Patchy light drizzle,7,2026-06-02,1,6,0.7,NO_FLY,MEDIUM
Dong Thap,10.4939,105.6882,2026-06-02 08:00:00,WeatherAPI,27.5,80,73,1.24,79,10000.0,9.0,11.6,1240,Light rain shower,8,2026-06-02,1,6,0.7,NO_FLY,MEDIUM
Dong Thap,10.4939,105.6882,2026-06-02 09:00:00,WeatherAPI,29.0,74,73,1.01,77,9000.0,14.0,20.2,1063,Patchy rain nearby,9,2026-06-02,1,6,0.7,NO_FLY,MEDIUM
Dong Thap,10.4939,105.6882,2026-06-02 10:00:00,WeatherAPI,29.9,70,73,0.86,85,10000.0,17.3,28.2,1240,Light rain shower,10,2026-06-02,1,6,0.4,NO_FLY,HIGH
Dong Thap,10.4939,105.6882,2026-06-02 11:00:00,WeatherAPI,30.2,69,73,1.39,100,10000.0,21.2,29.8,1240,Light rain shower,11,2026-06-02,1,6,0.1,NO_FLY,HIGH
Dong Thap,10.4939,105.6882,2026-06-02 12:00:00,WeatherAPI,28.9,75,77,1.54,97,10000.0,23.4,44.6,1240,Light rain shower,12,2026-06-02,1,6,0.1,NO_FLY,HIGH
Dong Thap,10.4939,105.6882,2026-06-02 13:00:00,WeatherAPI,28.2,80,74,1.32,81,10000.0,22.3,31.4,1240,Light rain shower,13,2026-06-02,1,6,0.1,NO_FLY,HIGH
Dong Thap,10.4939,105.6882,2026-06-02 14:00:00,WeatherAPI,27.7,81,73,0.29,81,10000.0,21.2,31.2,1240,Light rain shower,14,2026-06-02,1,6,0.1,NO_FLY,HIGH
Dong Thap,10.4939,105.6882,2026-06-02 15:00:00,WeatherAPI,26.9,82,73,0.06,100,10000.0,21.2,33.5,1063,Patchy rain nearby,15,2026-06-02,1,6,0.1,NO_FLY,HIGH
Dong Thap,10.4939,105.6882,2026-06-02 16:00:00,WeatherAPI,26.2,83,25,0.01,100,10000.0,22.0,35.3,1063,Patchy rain nearby,16,2026-06-02,1,6,0.2,NO_FLY,HIGH
Dong Thap,10.4939,105.6882,2026-06-02 17:00:00,WeatherAPI,25.9,84,21,0.0,96,10000.0,22.3,35.6,1009,Overcast,17,2026-06-02,1,6,0.4,NO_FLY,HIGH
Dong Thap,10.4939,105.6882,2026-06-03 06:00:00,WeatherAPI,25.8,82,7,0.0,40,10000.0,18.7,30.8,1003,Partly Cloudy,6,2026-06-03,2,6,0.8,NO_FLY,LOW
Dong Thap,10.4939,105.6882,2026-06-03 07:00:00,WeatherAPI,26.6,80,10,0.0,71,10000.0,19.8,29.3,1006,Cloudy,7,2026-06-03,2,6,0.8,NO_FLY,LOW
Dong Thap,10.4939,105.6882,2026-06-03 08:00:00,WeatherAPI,27.4,79,15,0.0,92,10000.0,21.2,27.9,1009,Overcast,8,2026-06-03,2,6,0.6,NO_FLY,MEDIUM
Dong Thap,10.4939,105.6882,2026-06-03 09:00:00,WeatherAPI,27.9,76,15,0.0,100,10000.0,22.0,28.0,1009,Overcast,9,2026-06-03,2,6,0.6,NO_FLY,MEDIUM
Dong Thap,10.4939,105.6882,2026-06-03 10:00:00,WeatherAPI,28.3,74,11,0.0,88,10000.0,22.7,28.4,1009,Overcast,10,2026-06-03,2,6,0.4,NO_FLY,HIGH
Dong Thap,10.4939,105.6882,2026-06-03 11:00:00,WeatherAPI,30.7,64,5,0.01,71,10000.0,24.1,27.8,1063,Patchy rain nearby,11,2026-06-03,2,6,0.5,NO_FLY,MEDIUM
Dong Thap,10.4939,105.6882,2026-06-03 12:00:00,WeatherAPI,32.2,58,73,0.28,81,2000.0,28.1,32.3,1153,Light drizzle,12,2026-06-03,2,6,0.1,NO_FLY,HIGH
Dong Thap,10.4939,105.6882,2026-06-03 13:00:00,WeatherAPI,31.8,60,73,0.16,81,10000.0,28.4,33.0,1240,Light rain shower,13,2026-06-03,2,6,0.1,NO_FLY,HIGH
Dong Thap,10.4939,105.6882,2026-06-03 14:00:00,WeatherAPI,32.0,58,73,0.08,79,10000.0,28.8,33.6,1063,Patchy rain nearby,14,2026-06-03,2,6,0.2,NO_FLY,HIGH
Dong Thap,10.4939,105.6882,2026-06-03 15:00:00,WeatherAPI,31.8,59,11,0.04,99,10000.0,30.2,36.7,1063,Patchy rain nearby,15,2026-06-03,2,6,0.2,NO_FLY,HIGH
Dong Thap,10.4939,105.6882,2026-06-03 16:00:00,WeatherAPI,30.9,63,73,0.06,52,10000.0,27.7,37.7,1063,Patchy rain nearby,16,2026-06-03,2,6,0.2,NO_FLY,HIGH
Dong Thap,10.4939,105.6882,2026-06-03 17:00:00,WeatherAPI,29.7,69,73,0.14,53,10000.0,25.6,37.7,1063,Patchy rain nearby,17,2026-06-03,2,6,0.2,NO_FLY,HIGH
Ha Noi,21.0285,105.8542,2026-06-01 06:00:00,WeatherAPI,27.0,86,6,0.0,17,10000.0,8.3,12.4,1000,Sunny,6,2026-06-01,0,6,1.0,FLY,LOW
Ha Noi,21.0285,105.8542,2026-06-01 07:00:00,WeatherAPI,28.8,77,4,0.0,24,10000.0,11.2,13.9,1000,Sunny,7,2026-06-01,0,6,1.0,FLY,LOW
Ha Noi,21.0285,105.8542,2026-06-01 08:00:00,WeatherAPI,30.5,66,2,0.0,31,10000.0,11.5,13.2,1003,Partly Cloudy,8,2026-06-01,0,6,1.0,FLY,LOW
Ha Noi,21.0285,105.8542,2026-06-01 09:00:00,WeatherAPI,32.1,59,2,0.0,41,10000.0,10.4,12.0,1003,Partly Cloudy,9,2026-06-01,0,6,1.0,FLY,LOW
Ha Noi,21.0285,105.8542,2026-06-01 10:00:00,WeatherAPI,33.5,54,2,0.0,48,10000.0,9.7,11.2,1003,Partly Cloudy,10,2026-06-01,0,6,1.0,FLY,LOW
Ha Noi,21.0285,105.8542,2026-06-01 11:00:00,WeatherAPI,34.8,50,3,0.0,85,10000.0,9.0,10.4,1006,Cloudy,11,2026-06-01,0,6,0.9,FLY,LOW
Ha Noi,21.0285,105.8542,2026-06-01 12:00:00,WeatherAPI,35.7,47,2,0.0,58,10000.0,8.3,9.5,1003,Partly Cloudy,12,2026-06-01,0,6,1.0,FLY,LOW
Ha Noi,21.0285,105.8542,2026-06-01 13:00:00,WeatherAPI,36.1,46,4,0.0,98,10000.0,7.6,8.7,1009,Overcast,13,2026-06-01,0,6,0.9,FLY,LOW
Ha Noi,21.0285,105.8542,2026-06-01 14:00:00,WeatherAPI,35.7,48,4,0.0,88,10000.0,10.8,12.9,1009,Overcast,14,2026-06-01,0,6,0.9,FLY,LOW
Ha Noi,21.0285,105.8542,2026-06-01 15:00:00,WeatherAPI,36.4,45,0,0.0,50,10000.0,5.0,5.9,1003,Partly Cloudy,15,2026-06-01,0,6,1.0,FLY,LOW
Ha Noi,21.0285,105.8542,2026-06-01 16:00:00,WeatherAPI,33.0,59,2,0.0,48,10000.0,15.5,22.8,1003,Partly Cloudy,16,2026-06-01,0,6,1.0,FLY,LOW
Ha Noi,21.0285,105.8542,2026-06-01 17:00:00,WeatherAPI,33.3,57,2,0.0,39,10000.0,16.6,23.7,1003,Partly Cloudy,17,2026-06-01,0,6,1.0,FLY,LOW
Ha Noi,21.0285,105.8542,2026-06-02 06:00:00,WeatherAPI,27.3,89,10,0.0,45,10000.0,7.9,11.7,1003,Partly Cloudy,6,2026-06-02,1,6,1.0,FLY,LOW
Ha Noi,21.0285,105.8542,2026-06-02 07:00:00,WeatherAPI,29.0,80,16,0.03,75,10000.0,8.3,10.2,1063,Patchy rain nearby,7,2026-06-02,1,6,0.8,NO_FLY,LOW
Ha Noi,21.0285,105.8542,2026-06-02 08:00:00,WeatherAPI,30.6,72,73,0.07,99,10000.0,8.6,10.0,1063,Patchy rain nearby,8,2026-06-02,1,6,0.6,NO_FLY,MEDIUM
Ha Noi,21.0285,105.8542,2026-06-02 09:00:00,WeatherAPI,31.7,66,15,0.05,99,10000.0,8.6,9.9,1063,Patchy rain nearby,9,2026-06-02,1,6,0.7,NO_FLY,MEDIUM
Ha Noi,21.0285,105.8542,2026-06-02 10:00:00,WeatherAPI,32.3,64,9,0.03,92,10000.0,8.3,9.7,1063,Patchy rain nearby,10,2026-06-02,1,6,0.7,NO_FLY,MEDIUM
Ha Noi,21.0285,105.8542,2026-06-02 11:00:00,WeatherAPI,32.7,62,8,0.05,78,10000.0,8.6,10.4,1063,Patchy rain nearby,11,2026-06-02,1,6,0.8,NO_FLY,LOW
Ha Noi,21.0285,105.8542,2026-06-02 12:00:00,WeatherAPI,33.4,59,9,0.03,96,10000.0,8.3,9.7,1063,Patchy rain nearby,12,2026-06-02,1,6,0.7,NO_FLY,MEDIUM
Ha Noi,21.0285,105.8542,2026-06-02 13:00:00,WeatherAPI,34.0,57,73,0.06,71,10000.0,7.6,8.9,1063,Patchy rain nearby,13,2026-06-02,1,6,0.7,NO_FLY,MEDIUM
Ha Noi,21.0285,105.8542,2026-06-02 14:00:00,WeatherAPI,35.2,53,2,0.0,62,10000.0,7.2,8.3,1003,Partly Cloudy,14,2026-06-02,1,6,1.0,FLY,LOW
Ha Noi,21.0285,105.8542,2026-06-02 15:00:00,WeatherAPI,36.0,50,1,0.0,38,10000.0,7.9,9.1,1003,Partly Cloudy,15,2026-06-02,1,6,1.0,FLY,LOW
Ha Noi,21.0285,105.8542,2026-06-02 16:00:00,WeatherAPI,36.3,48,1,0.0,26,10000.0,10.8,12.7,1003,Partly Cloudy,16,2026-06-02,1,6,1.0,FLY,LOW
Ha Noi,21.0285,105.8542,2026-06-02 17:00:00,WeatherAPI,35.3,52,1,0.0,30,10000.0,15.1,19.7,1003,Partly Cloudy,17,2026-06-02,1,6,1.0,FLY,LOW
Ha Noi,21.0285,105.8542,2026-06-03 06:00:00,WeatherAPI,27.7,90,13,0.0,54,10000.0,7.9,11.7,1003,Partly Cloudy,6,2026-06-03,2,6,1.0,FLY,LOW
Ha Noi,21.0285,105.8542,2026-06-03 07:00:00,WeatherAPI,29.4,82,20,0.01,89,9000.0,9.4,11.8,1087,Thundery outbreaks in nearby,7,2026-06-03,2,6,0.7,NO_FLY,MEDIUM
Ha Noi,21.0285,105.8542,2026-06-03 08:00:00,WeatherAPI,31.2,74,15,0.03,91,9000.0,9.0,10.4,1087,Thundery outbreaks in nearby,8,2026-06-03,2,6,0.7,NO_FLY,MEDIUM
Ha Noi,21.0285,105.8542,2026-06-03 09:00:00,WeatherAPI,33.0,64,6,0.01,74,9000.0,6.5,7.5,1087,Thundery outbreaks in nearby,9,2026-06-03,2,6,0.8,NO_FLY,LOW
Ha Noi,21.0285,105.8542,2026-06-03 10:00:00,WeatherAPI,34.8,57,2,0.0,32,9000.0,3.6,4.1,1087,Thundery outbreaks in nearby,10,2026-06-03,2,6,1.0,FLY,LOW
Ha Noi,21.0285,105.8542,2026-06-03 11:00:00,WeatherAPI,36.1,51,1,0.0,24,10000.0,5.4,6.2,1000,Sunny,11,2026-06-03,2,6,1.0,FLY,LOW
Ha Noi,21.0285,105.8542,2026-06-03 12:00:00,WeatherAPI,37.2,47,1,0.0,21,10000.0,9.4,10.8,1000,Sunny,12,2026-06-03,2,6,1.0,FLY,LOW
Ha Noi,21.0285,105.8542,2026-06-03 13:00:00,WeatherAPI,37.9,44,1,0.0,31,9000.0,10.8,12.4,1087,Thundery outbreaks in nearby,13,2026-06-03,2,6,1.0,FLY,LOW
Ha Noi,21.0285,105.8542,2026-06-03 14:00:00,WeatherAPI,38.5,42,1,0.0,24,10000.0,7.2,8.3,1000,Sunny,14,2026-06-03,2,6,1.0,FLY,LOW
Ha Noi,21.0285,105.8542,2026-06-03 15:00:00,WeatherAPI,38.9,41,0,0.0,12,10000.0,2.2,2.5,1000,Sunny,15,2026-06-03,2,6,1.0,FLY,LOW
Ha Noi,21.0285,105.8542,2026-06-03 16:00:00,WeatherAPI,38.6,42,0,0.0,12,10000.0,10.8,12.4,1000,Sunny,16,2026-06-03,2,6,1.0,FLY,LOW
Ha Noi,21.0285,105.8542,2026-06-03 17:00:00,WeatherAPI,36.9,48,1,0.0,22,10000.0,18.7,23.9,1000,Sunny,17,2026-06-03,2,6,1.0,FLY,LOW
Ho Chi Minh,10.7769,106.7009,2026-06-01 06:00:00,WeatherAPI,24.9,93,73,0.11,82,10000.0,3.6,5.1,1063,Patchy rain nearby,6,2026-06-01,0,6,0.6,NO_FLY,MEDIUM
Ho Chi Minh,10.7769,106.7009,2026-06-01 07:00:00,WeatherAPI,25.1,92,28,0.01,87,10000.0,2.2,3.0,1063,Patchy rain nearby,7,2026-06-01,0,6,0.7,NO_FLY,MEDIUM
Ho Chi Minh,10.7769,106.7009,2026-06-01 08:00:00,WeatherAPI,25.4,91,73,0.3,75,5000.0,1.4,2.0,1150,Patchy light drizzle,8,2026-06-01,0,6,0.7,NO_FLY,MEDIUM
Ho Chi Minh,10.7769,106.7009,2026-06-01 09:00:00,WeatherAPI,25.8,88,73,0.63,54,10000.0,2.2,3.0,1240,Light rain shower,9,2026-06-01,0,6,0.7,NO_FLY,MEDIUM
Ho Chi Minh,10.7769,106.7009,2026-06-01 10:00:00,WeatherAPI,26.2,86,73,1.56,57,10000.0,3.6,5.5,1240,Light rain shower,10,2026-06-01,0,6,0.7,NO_FLY,MEDIUM
Ho Chi Minh,10.7769,106.7009,2026-06-01 11:00:00,WeatherAPI,26.4,84,73,0.77,67,10000.0,4.7,7.8,1240,Light rain shower,11,2026-06-01,0,6,0.7,NO_FLY,MEDIUM
Ho Chi Minh,10.7769,106.7009,2026-06-01 12:00:00,WeatherAPI,26.6,83,73,0.15,64,10000.0,4.7,8.2,1063,Patchy rain nearby,12,2026-06-01,0,6,0.7,NO_FLY,MEDIUM
Ho Chi Minh,10.7769,106.7009,2026-06-01 13:00:00,WeatherAPI,26.8,81,11,0.02,55,10000.0,7.6,13.2,1063,Patchy rain nearby,13,2026-06-01,0,6,0.8,NO_FLY,LOW
Ho Chi Minh,10.7769,106.7009,2026-06-01 14:00:00,WeatherAPI,26.8,83,18,0.02,79,10000.0,9.0,12.3,1063,Patchy rain nearby,14,2026-06-01,0,6,0.8,NO_FLY,LOW
Ho Chi Minh,10.7769,106.7009,2026-06-01 15:00:00,WeatherAPI,26.5,85,20,0.0,89,10000.0,9.4,12.9,1009,Overcast,15,2026-06-01,0,6,0.9,FLY,LOW
Ho Chi Minh,10.7769,106.7009,2026-06-01 16:00:00,WeatherAPI,26.2,87,22,0.0,90,10000.0,8.3,11.7,1009,Overcast,16,2026-06-01,0,6,0.9,FLY,LOW
Ho Chi Minh,10.7769,106.7009,2026-06-01 17:00:00,WeatherAPI,26.0,89,18,0.01,73,10000.0,7.2,10.4,1063,Patchy rain nearby,17,2026-06-01,0,6,0.8,NO_FLY,LOW
Ho Chi Minh,10.7769,106.7009,2026-06-02 06:00:00,WeatherAPI,25.1,92,13,0.0,46,10000.0,4.3,6.7,1003,Partly Cloudy,6,2026-06-02,1,6,1.0,FLY,LOW
Ho Chi Minh,10.7769,106.7009,2026-06-02 07:00:00,WeatherAPI,26.3,86,8,0.0,34,10000.0,5.4,7.3,1003,Partly Cloudy,7,2026-06-02,1,6,1.0,FLY,LOW
Ho Chi Minh,10.7769,106.7009,2026-06-02 08:00:00,WeatherAPI,27.5,79,6,0.0,46,10000.0,6.5,8.1,1003,Partly Cloudy,8,2026-06-02,1,6,1.0,FLY,LOW
Ho Chi Minh,10.7769,106.7009,2026-06-02 09:00:00,WeatherAPI,28.9,71,4,0.0,49,10000.0,9.0,10.4,1003,Partly Cloudy,9,2026-06-02,1,6,1.0,FLY,LOW
Ho Chi Minh,10.7769,106.7009,2026-06-02 10:00:00,WeatherAPI,30.6,64,4,0.0,62,10000.0,10.1,11.6,1003,Partly Cloudy,10,2026-06-02,1,6,1.0,FLY,LOW
Ho Chi Minh,10.7769,106.7009,2026-06-02 11:00:00,WeatherAPI,32.1,58,73,0.31,74,5000.0,11.5,13.2,1150,Patchy light drizzle,11,2026-06-02,1,6,0.7,NO_FLY,MEDIUM
Ho Chi Minh,10.7769,106.7009,2026-06-02 12:00:00,WeatherAPI,32.6,55,73,0.63,93,10000.0,12.2,15.4,1240,Light rain shower,12,2026-06-02,1,6,0.6,NO_FLY,MEDIUM
Ho Chi Minh,10.7769,106.7009,2026-06-02 13:00:00,WeatherAPI,32.5,56,73,0.92,100,10000.0,13.0,17.7,1240,Light rain shower,13,2026-06-02,1,6,0.6,NO_FLY,MEDIUM
Ho Chi Minh,10.7769,106.7009,2026-06-02 14:00:00,WeatherAPI,31.2,62,73,0.59,72,10000.0,15.1,19.6,1240,Light rain shower,14,2026-06-02,1,6,0.7,NO_FLY,MEDIUM
Ho Chi Minh,10.7769,106.7009,2026-06-02 15:00:00,WeatherAPI,30.8,65,73,0.86,83,10000.0,16.6,24.1,1240,Light rain shower,15,2026-06-02,1,6,0.6,NO_FLY,MEDIUM
Ho Chi Minh,10.7769,106.7009,2026-06-02 16:00:00,WeatherAPI,30.0,70,73,0.59,52,10000.0,16.6,27.2,1240,Light rain shower,16,2026-06-02,1,6,0.7,NO_FLY,MEDIUM
Ho Chi Minh,10.7769,106.7009,2026-06-02 17:00:00,WeatherAPI,28.9,76,73,0.5,55,10000.0,19.1,33.5,1240,Light rain shower,17,2026-06-02,1,6,0.5,NO_FLY,MEDIUM
Ho Chi Minh,10.7769,106.7009,2026-06-03 06:00:00,WeatherAPI,25.1,87,16,0.0,76,10000.0,6.5,9.9,1006,Cloudy,6,2026-06-03,2,6,1.0,FLY,LOW
Ho Chi Minh,10.7769,106.7009,2026-06-03 07:00:00,WeatherAPI,26.6,79,5,0.0,33,10000.0,11.5,15.1,1003,Partly Cloudy,7,2026-06-03,2,6,1.0,FLY,LOW
Ho Chi Minh,10.7769,106.7009,2026-06-03 08:00:00,WeatherAPI,28.2,71,6,0.0,69,10000.0,16.6,19.4,1006,Cloudy,8,2026-06-03,2,6,1.0,FLY,LOW
Ho Chi Minh,10.7769,106.7009,2026-06-03 09:00:00,WeatherAPI,29.8,64,5,0.0,76,10000.0,18.0,20.7,1006,Cloudy,9,2026-06-03,2,6,1.0,FLY,LOW
Ho Chi Minh,10.7769,106.7009,2026-06-03 10:00:00,WeatherAPI,31.4,57,2,0.0,44,10000.0,18.7,21.5,1003,Partly Cloudy,10,2026-06-03,2,6,1.0,FLY,LOW
Ho Chi Minh,10.7769,106.7009,2026-06-03 11:00:00,WeatherAPI,32.7,52,5,0.0,93,10000.0,19.8,22.8,1009,Overcast,11,2026-06-03,2,6,0.9,FLY,LOW
Ho Chi Minh,10.7769,106.7009,2026-06-03 12:00:00,WeatherAPI,33.8,48,4,0.01,84,10000.0,20.5,23.6,1063,Patchy rain nearby,12,2026-06-03,2,6,0.4,NO_FLY,HIGH
Ho Chi Minh,10.7769,106.7009,2026-06-03 13:00:00,WeatherAPI,33.5,49,3,0.01,76,10000.0,22.7,26.1,1063,Patchy rain nearby,13,2026-06-03,2,6,0.5,NO_FLY,MEDIUM
Ho Chi Minh,10.7769,106.7009,2026-06-03 14:00:00,WeatherAPI,32.3,53,2,0.0,47,10000.0,21.2,28.1,1003,Partly Cloudy,14,2026-06-03,2,6,0.5,NO_FLY,MEDIUM
Ho Chi Minh,10.7769,106.7009,2026-06-03 15:00:00,WeatherAPI,32.8,51,2,0.0,71,10000.0,22.7,27.4,1006,Cloudy,15,2026-06-03,2,6,0.7,NO_FLY,MEDIUM
Ho Chi Minh,10.7769,106.7009,2026-06-03 16:00:00,WeatherAPI,32.0,53,1,0.0,43,10000.0,22.0,27.4,1003,Partly Cloudy,16,2026-06-03,2,6,0.7,NO_FLY,MEDIUM
Ho Chi Minh,10.7769,106.7009,2026-06-03 17:00:00,WeatherAPI,31.3,58,2,0.0,44,10000.0,19.8,26.0,1003,Partly Cloudy,17,2026-06-03,2,6,1.0,FLY,LOW
Long An,10.536,106.4052,2026-06-01 06:00:00,WeatherAPI,24.7,94,73,0.09,79,2000.0,3.2,4.8,1030,Mist,6,2026-06-01,0,6,0.7,NO_FLY,MEDIUM
Long An,10.536,106.4052,2026-06-01 07:00:00,WeatherAPI,25.4,91,19,0.01,69,10000.0,2.9,4.0,1063,Patchy rain nearby,7,2026-06-01,0,6,0.8,NO_FLY,LOW
Long An,10.536,106.4052,2026-06-01 08:00:00,WeatherAPI,26.2,86,73,0.21,100,2000.0,2.9,3.8,1153,Light drizzle,8,2026-06-01,0,6,0.6,NO_FLY,MEDIUM
Long An,10.536,106.4052,2026-06-01 09:00:00,WeatherAPI,26.5,84,84,0.59,100,2000.0,2.2,2.9,1153,Light drizzle,9,2026-06-01,0,6,0.6,NO_FLY,MEDIUM
Long An,10.536,106.4052,2026-06-01 10:00:00,WeatherAPI,26.2,86,73,1.14,52,10000.0,5.8,8.6,1240,Light rain shower,10,2026-06-01,0,6,0.7,NO_FLY,MEDIUM
Long An,10.536,106.4052,2026-06-01 11:00:00,WeatherAPI,26.4,85,73,1.13,61,9000.0,6.8,10.1,1180,Patchy light rain,11,2026-06-01,0,6,0.7,NO_FLY,MEDIUM
Long An,10.536,106.4052,2026-06-01 12:00:00,WeatherAPI,26.3,85,73,0.27,69,10000.0,9.7,16.6,1240,Light rain shower,12,2026-06-01,0,6,0.7,NO_FLY,MEDIUM
Long An,10.536,106.4052,2026-06-01 13:00:00,WeatherAPI,26.2,86,25,0.03,84,10000.0,12.2,16.8,1063,Patchy rain nearby,13,2026-06-01,0,6,0.7,NO_FLY,MEDIUM
Long An,10.536,106.4052,2026-06-01 14:00:00,WeatherAPI,26.0,87,22,0.01,84,10000.0,11.9,15.7,1063,Patchy rain nearby,14,2026-06-01,0,6,0.7,NO_FLY,MEDIUM
Long An,10.536,106.4052,2026-06-01 15:00:00,WeatherAPI,26.2,87,26,0.01,95,10000.0,11.9,15.8,1063,Patchy rain nearby,15,2026-06-01,0,6,0.7,NO_FLY,MEDIUM
Long An,10.536,106.4052,2026-06-01 16:00:00,WeatherAPI,26.0,88,26,0.01,93,10000.0,10.4,14.4,1063,Patchy rain nearby,16,2026-06-01,0,6,0.7,NO_FLY,MEDIUM
Long An,10.536,106.4052,2026-06-01 17:00:00,WeatherAPI,25.8,90,20,0.0,76,10000.0,8.6,12.3,1006,Cloudy,17,2026-06-01,0,6,1.0,FLY,LOW
Long An,10.536,106.4052,2026-06-02 06:00:00,WeatherAPI,24.9,93,14,0.0,49,10000.0,4.7,7.6,1003,Partly Cloudy,6,2026-06-02,1,6,1.0,FLY,LOW
Long An,10.536,106.4052,2026-06-02 07:00:00,WeatherAPI,26.1,87,9,0.0,43,10000.0,5.8,8.0,1003,Partly Cloudy,7,2026-06-02,1,6,1.0,FLY,LOW
Long An,10.536,106.4052,2026-06-02 08:00:00,WeatherAPI,27.2,81,6,0.0,38,10000.0,6.1,7.8,1003,Partly Cloudy,8,2026-06-02,1,6,1.0,FLY,LOW
Long An,10.536,106.4052,2026-06-02 09:00:00,WeatherAPI,28.7,73,73,0.19,54,5000.0,8.6,10.2,1150,Patchy light drizzle,9,2026-06-02,1,6,0.7,NO_FLY,MEDIUM
Long An,10.536,106.4052,2026-06-02 10:00:00,WeatherAPI,30.7,64,73,0.1,100,10000.0,11.5,13.6,1063,Patchy rain nearby,10,2026-06-02,1,6,0.6,NO_FLY,MEDIUM
Long An,10.536,106.4052,2026-06-02 11:00:00,WeatherAPI,31.6,61,73,1.0,74,9000.0,13.7,15.7,1180,Patchy light rain,11,2026-06-02,1,6,0.7,NO_FLY,MEDIUM
Long An,10.536,106.4052,2026-06-02 12:00:00,WeatherAPI,31.5,61,73,1.05,63,10000.0,15.5,22.8,1240,Light rain shower,12,2026-06-02,1,6,0.7,NO_FLY,MEDIUM
Long An,10.536,106.4052,2026-06-02 13:00:00,WeatherAPI,30.9,65,73,1.24,74,10000.0,16.2,21.0,1240,Light rain shower,13,2026-06-02,1,6,0.7,NO_FLY,MEDIUM
Long An,10.536,106.4052,2026-06-02 14:00:00,WeatherAPI,30.4,68,73,1.53,81,10000.0,16.9,24.3,1240,Light rain shower,14,2026-06-02,1,6,0.6,NO_FLY,MEDIUM
Long An,10.536,106.4052,2026-06-02 15:00:00,WeatherAPI,30.0,71,73,0.35,82,10000.0,19.1,29.5,1240,Light rain shower,15,2026-06-02,1,6,0.4,NO_FLY,HIGH
Long An,10.536,106.4052,2026-06-02 16:00:00,WeatherAPI,28.6,78,73,0.32,62,10000.0,20.5,34.3,1240,Light rain shower,16,2026-06-02,1,6,0.2,NO_FLY,HIGH
Long An,10.536,106.4052,2026-06-02 17:00:00,WeatherAPI,27.5,81,73,0.13,61,10000.0,19.8,32.8,1063,Patchy rain nearby,17,2026-06-02,1,6,0.5,NO_FLY,MEDIUM
Long An,10.536,106.4052,2026-06-03 06:00:00,WeatherAPI,25.3,86,12,0.0,61,10000.0,10.1,15.9,1003,Partly Cloudy,6,2026-06-03,2,6,1.0,FLY,LOW
Long An,10.536,106.4052,2026-06-03 07:00:00,WeatherAPI,26.8,79,7,0.0,56,10000.0,15.1,20.4,1003,Partly Cloudy,7,2026-06-03,2,6,1.0,FLY,LOW
Long An,10.536,106.4052,2026-06-03 08:00:00,WeatherAPI,28.5,71,3,0.0,30,10000.0,19.4,23.3,1003,Partly Cloudy,8,2026-06-03,2,6,1.0,FLY,LOW
Long An,10.536,106.4052,2026-06-03 09:00:00,WeatherAPI,30.0,63,4,0.0,66,10000.0,19.8,22.8,1006,Cloudy,9,2026-06-03,2,6,1.0,FLY,LOW
Long An,10.536,106.4052,2026-06-03 10:00:00,WeatherAPI,31.4,58,2,0.0,46,10000.0,21.2,24.4,1003,Partly Cloudy,10,2026-06-03,2,6,0.7,NO_FLY,MEDIUM
Long An,10.536,106.4052,2026-06-03 11:00:00,WeatherAPI,31.7,57,4,0.0,80,10000.0,22.3,25.7,1006,Cloudy,11,2026-06-03,2,6,0.7,NO_FLY,MEDIUM
Long An,10.536,106.4052,2026-06-03 12:00:00,WeatherAPI,32.2,56,4,0.01,74,10000.0,22.3,25.7,1063,Patchy rain nearby,12,2026-06-03,2,6,0.5,NO_FLY,MEDIUM
Long An,10.536,106.4052,2026-06-03 13:00:00,WeatherAPI,32.6,54,73,0.08,73,10000.0,22.3,25.7,1063,Patchy rain nearby,13,2026-06-03,2,6,0.4,NO_FLY,HIGH
Long An,10.536,106.4052,2026-06-03 14:00:00,WeatherAPI,33.0,52,73,0.24,76,2000.0,23.8,27.3,1153,Light drizzle,14,2026-06-03,2,6,0.4,NO_FLY,HIGH
Long An,10.536,106.4052,2026-06-03 15:00:00,WeatherAPI,31.9,56,73,0.09,50,10000.0,23.4,27.2,1063,Patchy rain nearby,15,2026-06-03,2,6,0.4,NO_FLY,HIGH
Long An,10.536,106.4052,2026-06-03 16:00:00,WeatherAPI,31.3,59,2,0.0,35,10000.0,19.8,23.2,1003,Partly Cloudy,16,2026-06-03,2,6,1.0,FLY,LOW
Long An,10.536,106.4052,2026-06-03 17:00:00,WeatherAPI,31.1,61,5,0.01,80,10000.0,19.1,25.2,1063,Patchy rain nearby,17,2026-06-03,2,6,0.8,NO_FLY,LOW
Tien Giang,10.3598,106.3567,2026-06-01 06:00:00,WeatherAPI,24.4,96,36,0.01,69,2000.0,1.1,1.7,1030,Mist,6,2026-06-01,0,6,0.7,NO_FLY,MEDIUM
Tien Giang,10.3598,106.3567,2026-06-01 07:00:00,WeatherAPI,25.3,92,16,0.0,60,10000.0,2.5,3.7,1003,Partly Cloudy,7,2026-06-01,0,6,1.0,FLY,LOW
Tien Giang,10.3598,106.3567,2026-06-01 08:00:00,WeatherAPI,26.7,85,73,0.18,100,2000.0,4.7,6.0,1153,Light drizzle,8,2026-06-01,0,6,0.6,NO_FLY,MEDIUM
Tien Giang,10.3598,106.3567,2026-06-01 09:00:00,WeatherAPI,27.0,84,73,1.28,59,9000.0,4.7,6.3,1180,Patchy light rain,9,2026-06-01,0,6,0.7,NO_FLY,MEDIUM
Tien Giang,10.3598,106.3567,2026-06-01 10:00:00,WeatherAPI,26.4,87,76,0.94,75,10000.0,7.6,11.3,1240,Light rain shower,10,2026-06-01,0,6,0.7,NO_FLY,MEDIUM
Tien Giang,10.3598,106.3567,2026-06-01 11:00:00,WeatherAPI,26.0,89,84,0.58,84,2000.0,10.4,15.2,1153,Light drizzle,11,2026-06-01,0,6,0.6,NO_FLY,MEDIUM
Tien Giang,10.3598,106.3567,2026-06-01 12:00:00,WeatherAPI,25.7,90,32,0.04,87,10000.0,10.8,17.5,1063,Patchy rain nearby,12,2026-06-01,0,6,0.6,NO_FLY,MEDIUM
Tien Giang,10.3598,106.3567,2026-06-01 13:00:00,WeatherAPI,25.3,91,81,0.28,100,2000.0,10.4,14.4,1153,Light drizzle,13,2026-06-01,0,6,0.6,NO_FLY,MEDIUM
Tien Giang,10.3598,106.3567,2026-06-01 14:00:00,WeatherAPI,25.0,93,73,0.07,97,10000.0,10.1,13.8,1063,Patchy rain nearby,14,2026-06-01,0,6,0.6,NO_FLY,MEDIUM
Tien Giang,10.3598,106.3567,2026-06-01 15:00:00,WeatherAPI,25.2,93,73,0.15,95,10000.0,9.7,13.5,1240,Light rain shower,15,2026-06-01,0,6,0.6,NO_FLY,MEDIUM
Tien Giang,10.3598,106.3567,2026-06-01 16:00:00,WeatherAPI,25.2,93,73,0.08,77,10000.0,9.4,13.2,1063,Patchy rain nearby,16,2026-06-01,0,6,0.7,NO_FLY,MEDIUM
Tien Giang,10.3598,106.3567,2026-06-01 17:00:00,WeatherAPI,25.0,94,28,0.01,83,10000.0,7.6,11.2,1063,Patchy rain nearby,17,2026-06-01,0,6,0.7,NO_FLY,MEDIUM
Tien Giang,10.3598,106.3567,2026-06-02 06:00:00,WeatherAPI,24.6,94,24,0.0,51,2000.0,4.3,7.3,1030,Mist,6,2026-06-02,1,6,1.0,FLY,LOW
Tien Giang,10.3598,106.3567,2026-06-02 07:00:00,WeatherAPI,25.6,90,12,0.0,47,10000.0,4.3,6.2,1003,Partly Cloudy,7,2026-06-02,1,6,1.0,FLY,LOW
Tien Giang,10.3598,106.3567,2026-06-02 08:00:00,WeatherAPI,27.2,82,73,0.36,86,9000.0,5.0,6.3,1063,Patchy rain nearby,8,2026-06-02,1,6,0.6,NO_FLY,MEDIUM
Tien Giang,10.3598,106.3567,2026-06-02 09:00:00,WeatherAPI,28.5,77,73,0.91,73,9000.0,6.1,7.3,1063,Patchy rain nearby,9,2026-06-02,1,6,0.7,NO_FLY,MEDIUM
Tien Giang,10.3598,106.3567,2026-06-02 10:00:00,WeatherAPI,29.7,72,73,0.63,54,10000.0,8.6,12.6,1240,Light rain shower,10,2026-06-02,1,6,0.7,NO_FLY,MEDIUM
Tien Giang,10.3598,106.3567,2026-06-02 11:00:00,WeatherAPI,29.9,71,73,1.5,70,9000.0,11.5,13.3,1180,Patchy light rain,11,2026-06-02,1,6,0.7,NO_FLY,MEDIUM
Tien Giang,10.3598,106.3567,2026-06-02 12:00:00,WeatherAPI,29.5,74,73,1.62,78,10000.0,13.3,24.1,1240,Light rain shower,12,2026-06-02,1,6,0.7,NO_FLY,MEDIUM
Tien Giang,10.3598,106.3567,2026-06-02 13:00:00,WeatherAPI,28.4,80,73,1.34,77,9000.0,14.4,18.7,1183,Light rain,13,2026-06-02,1,6,0.7,NO_FLY,MEDIUM
Tien Giang,10.3598,106.3567,2026-06-02 14:00:00,WeatherAPI,28.1,82,73,1.1,77,10000.0,15.8,21.7,1240,Light rain shower,14,2026-06-02,1,6,0.7,NO_FLY,MEDIUM
Tien Giang,10.3598,106.3567,2026-06-02 15:00:00,WeatherAPI,27.4,85,73,0.17,72,10000.0,15.5,21.2,1240,Light rain shower,15,2026-06-02,1,6,0.7,NO_FLY,MEDIUM
Tien Giang,10.3598,106.3567,2026-06-02 16:00:00,WeatherAPI,26.7,86,16,0.03,59,10000.0,16.2,23.5,1063,Patchy rain nearby,16,2026-06-02,1,6,0.8,NO_FLY,LOW
Tien Giang,10.3598,106.3567,2026-06-02 17:00:00,WeatherAPI,26.1,87,9,0.0,40,10000.0,15.8,23.5,1003,Partly Cloudy,17,2026-06-02,1,6,1.0,FLY,LOW
Tien Giang,10.3598,106.3567,2026-06-03 06:00:00,WeatherAPI,24.8,88,14,0.0,63,10000.0,9.4,15.4,1006,Cloudy,6,2026-06-03,2,6,1.0,FLY,LOW
Tien Giang,10.3598,106.3567,2026-06-03 07:00:00,WeatherAPI,26.3,82,10,0.0,61,10000.0,11.9,16.8,1003,Partly Cloudy,7,2026-06-03,2,6,1.0,FLY,LOW
Tien Giang,10.3598,106.3567,2026-06-03 08:00:00,WeatherAPI,28.2,73,3,0.0,30,10000.0,16.6,20.7,1003,Partly Cloudy,8,2026-06-03,2,6,1.0,FLY,LOW
Tien Giang,10.3598,106.3567,2026-06-03 09:00:00,WeatherAPI,29.9,64,3,0.0,51,10000.0,18.7,21.5,1003,Partly Cloudy,9,2026-06-03,2,6,1.0,FLY,LOW
Tien Giang,10.3598,106.3567,2026-06-03 10:00:00,WeatherAPI,30.8,61,2,0.0,31,10000.0,19.4,22.4,1003,Partly Cloudy,10,2026-06-03,2,6,1.0,FLY,LOW
Tien Giang,10.3598,106.3567,2026-06-03 11:00:00,WeatherAPI,30.7,61,73,0.07,88,10000.0,19.4,22.4,1063,Patchy rain nearby,11,2026-06-03,2,6,0.6,NO_FLY,MEDIUM
Tien Giang,10.3598,106.3567,2026-06-03 12:00:00,WeatherAPI,32.0,57,73,0.21,89,9000.0,18.7,21.7,1063,Patchy rain nearby,12,2026-06-03,2,6,0.6,NO_FLY,MEDIUM
Tien Giang,10.3598,106.3567,2026-06-03 13:00:00,WeatherAPI,31.9,59,73,0.93,71,10000.0,18.4,22.8,1240,Light rain shower,13,2026-06-03,2,6,0.7,NO_FLY,MEDIUM
Tien Giang,10.3598,106.3567,2026-06-03 14:00:00,WeatherAPI,30.7,67,73,1.09,73,10000.0,17.6,22.9,1240,Light rain shower,14,2026-06-03,2,6,0.7,NO_FLY,MEDIUM
Tien Giang,10.3598,106.3567,2026-06-03 15:00:00,WeatherAPI,30.1,71,73,1.02,78,10000.0,15.8,23.3,1240,Light rain shower,15,2026-06-03,2,6,0.7,NO_FLY,MEDIUM
Tien Giang,10.3598,106.3567,2026-06-03 16:00:00,WeatherAPI,30.3,69,73,0.19,82,9000.0,16.2,25.3,1063,Patchy rain nearby,16,2026-06-03,2,6,0.6,NO_FLY,MEDIUM
Tien Giang,10.3598,106.3567,2026-06-03 17:00:00,WeatherAPI,29.6,71,73,0.05,87,10000.0,16.6,25.4,1063,Patchy rain nearby,17,2026-06-03,2,6,0.6,NO_FLY,MEDIUM
